dual_id,event_date,team_id,team_name,team_rank,team_score,opponent_id,opponent_name,opponent_rank,opponent_score,result,score_diff,year,month,day,formatted_date
280,2025-11-01,24,Duke,72,19,67,Sacred Heart,76,18,Win,1,2025,11,1,2025-11-01
280,2025-11-01,67,Sacred Heart,76,18,24,Duke,72,19,Loss,-1,2025,11,1,2025-11-01
281,2025-11-01,27,Pittsburgh,19,20,68,Navy,21,12,Win,8,2025,11,1,2025-11-01
281,2025-11-01,68,Navy,21,12,27,Pittsburgh,19,20,Loss,-8,2025,11,1,2025-11-01
282,2025-11-01,18,Wisconsin,31,36,62,North Dakota State,33,3,Win,33,2025,11,1,2025-11-01
282,2025-11-01,62,North Dakota State,33,3,18,Wisconsin,31,36,Loss,-33,2025,11,1,2025-11-01
283,2025-11-01,70,Utah Valley,36,19,23,Stanford,11,12,Win,7,2025,11,1,2025-11-01
283,2025-11-01,23,Stanford,11,12,70,Utah Valley,36,19,Loss,-7,2025,11,1,2025-11-01
284,2025-11-01,20,Purdue,32,19,64,Cal Poly,47,13,Win,6,2025,11,1,2025-11-01
284,2025-11-01,64,Cal Poly,47,13,20,Purdue,32,19,Loss,-6,2025,11,1,2025-11-01
276,2025-11-02,12,Rutgers,16,37,60,Gardner-Webb,67,5,Win,32,2025,11,2,2025-11-02
276,2025-11-02,60,Gardner-Webb,67,5,12,Rutgers,16,37,Loss,-32,2025,11,2,2025-11-02
277,2025-11-02,12,Rutgers,16,37,8,Bloomsburg,68,2,Win,35,2025,11,2,2025-11-02
277,2025-11-02,8,Bloomsburg,68,2,12,Rutgers,16,37,Loss,-35,2025,11,2,2025-11-02
278,2025-11-02,60,Gardner-Webb,67,18,8,Bloomsburg,68,16,Win,2,2025,11,2,2025-11-02
278,2025-11-02,8,Bloomsburg,68,16,60,Gardner-Webb,67,18,Loss,-2,2025,11,2,2025-11-02
279,2025-11-02,20,Purdue,32,39,10,CSU Bakersfield,70,3,Win,36,2025,11,2,2025-11-02
279,2025-11-02,10,CSU Bakersfield,70,3,20,Purdue,32,39,Loss,-36,2025,11,2,2025-11-02
275,2025-11-06,17,Iowa,2,40,77,Bellarmine,54,0,Win,40,2025,11,6,2025-11-06
275,2025-11-06,77,Bellarmine,54,0,17,Iowa,2,40,Loss,-40,2025,11,6,2025-11-06
272,2025-11-07,19,Nebraska,3,33,75,Army West Point,28,3,Win,30,2025,11,7,2025-11-07
272,2025-11-07,75,Army West Point,28,3,19,Nebraska,3,33,Loss,-30,2025,11,7,2025-11-07
273,2025-11-07,52,Oklahoma State,5,33,23,Stanford,11,7,Win,26,2025,11,7,2025-11-07
273,2025-11-07,23,Stanford,11,7,52,Oklahoma State,5,33,Loss,-26,2025,11,7,2025-11-07
274,2025-11-07,28,Virginia Tech,13,19,46,Bucknell,35,12,Win,7,2025,11,7,2025-11-07
274,2025-11-07,46,Bucknell,35,12,28,Virginia Tech,13,19,Loss,-7,2025,11,7,2025-11-07
254,2025-11-08,6,Ohio,55,44,51,Morgan State,77,2,Win,42,2025,11,8,2025-11-08
254,2025-11-08,51,Morgan State,77,2,6,Ohio,55,44,Loss,-42,2025,11,8,2025-11-08
255,2025-11-08,8,Bloomsburg,68,27,9,Campbell,74,9,Win,18,2025,11,8,2025-11-08
255,2025-11-08,9,Campbell,74,9,8,Bloomsburg,68,27,Loss,-18,2025,11,8,2025-11-08
256,2025-11-08,61,The Citadel,64,19,8,Bloomsburg,68,18,Win,1,2025,11,8,2025-11-08
256,2025-11-08,8,Bloomsburg,68,18,61,The Citadel,64,19,Loss,-1,2025,11,8,2025-11-08
257,2025-11-08,21,NC State,7,30,49,Northern Colorado,61,3,Win,27,2025,11,8,2025-11-08
257,2025-11-08,49,Northern Colorado,61,3,21,NC State,7,30,Loss,-27,2025,11,8,2025-11-08
258,2025-11-08,13,Illinois,10,24,33,Rider,41,12,Win,12,2025,11,8,2025-11-08
258,2025-11-08,33,Rider,41,12,13,Illinois,10,24,Loss,-12,2025,11,8,2025-11-08
259,2025-11-08,12,Rutgers,16,24,68,Navy,21,12,Win,12,2025,11,8,2025-11-08
259,2025-11-08,68,Navy,21,12,12,Rutgers,16,24,Loss,-12,2025,11,8,2025-11-08
260,2025-11-08,15,Lehigh,18,21,22,Virginia,40,17,Win,4,2025,11,8,2025-11-08
260,2025-11-08,22,Virginia,40,17,15,Lehigh,18,21,Loss,-4,2025,11,8,2025-11-08
261,2025-11-08,68,Navy,21,27,38,Appalachian State,49,13,Win,14,2025,11,8,2025-11-08
261,2025-11-08,38,Appalachian State,49,13,68,Navy,21,27,Loss,-14,2025,11,8,2025-11-08
262,2025-11-08,74,Indiana,25,25,44,Lock Haven,39,9,Win,16,2025,11,8,2025-11-08
262,2025-11-08,44,Lock Haven,39,9,74,Indiana,25,25,Loss,-16,2025,11,8,2025-11-08
263,2025-11-08,44,Lock Haven,39,48,45,LIU,73,6,Win,42,2025,11,8,2025-11-08
263,2025-11-08,45,LIU,73,6,44,Lock Haven,39,48,Loss,-42,2025,11,8,2025-11-08
264,2025-11-08,54,George Mason,44,26,61,The Citadel,64,16,Win,10,2025,11,8,2025-11-08
264,2025-11-08,61,The Citadel,64,16,54,George Mason,44,26,Loss,-10,2025,11,8,2025-11-08
265,2025-11-08,54,George Mason,44,34,9,Campbell,74,13,Win,21,2025,11,8,2025-11-08
265,2025-11-08,9,Campbell,74,13,54,George Mason,44,34,Loss,-21,2025,11,8,2025-11-08
266,2025-11-08,30,West Virginia,17,32,59,American,52,6,Win,26,2025,11,8,2025-11-08
266,2025-11-08,59,American,52,6,30,West Virginia,17,32,Loss,-26,2025,11,8,2025-11-08
267,2025-11-08,27,Pittsburgh,19,33,36,Buffalo,66,6,Win,27,2025,11,8,2025-11-08
267,2025-11-08,36,Buffalo,66,6,27,Pittsburgh,19,33,Loss,-27,2025,11,8,2025-11-08
268,2025-11-08,38,Appalachian State,49,24,43,Hofstra,69,15,Win,9,2025,11,8,2025-11-08
268,2025-11-08,43,Hofstra,69,15,38,Appalachian State,49,24,Loss,-9,2025,11,8,2025-11-08
269,2025-11-08,24,Duke,72,24,43,Hofstra,69,17,Win,7,2025,11,8,2025-11-08
269,2025-11-08,43,Hofstra,69,17,24,Duke,72,24,Loss,-7,2025,11,8,2025-11-08
270,2025-11-08,15,Lehigh,18,38,24,Duke,72,7,Win,31,2025,11,8,2025-11-08
270,2025-11-08,24,Duke,72,7,15,Lehigh,18,38,Loss,-31,2025,11,8,2025-11-08
271,2025-11-08,22,Virginia,40,39,45,LIU,73,3,Win,36,2025,11,8,2025-11-08
271,2025-11-08,45,LIU,73,3,22,Virginia,40,39,Loss,-36,2025,11,8,2025-11-08
251,2025-11-09,25,Michigan,12,45,66,VMI,75,0,Win,45,2025,11,9,2025-11-09
251,2025-11-09,66,VMI,75,0,25,Michigan,12,45,Loss,-45,2025,11,9,2025-11-09
252,2025-11-09,55,North Carolina,23,40,49,Northern Colorado,61,0,Win,40,2025,11,9,2025-11-09
252,2025-11-09,49,Northern Colorado,61,0,55,North Carolina,23,40,Loss,-40,2025,11,9,2025-11-09
253,2025-11-09,41,Ohio State,4,42,69,Chattanooga,58,4,Win,38,2025,11,9,2025-11-09
253,2025-11-09,69,Chattanooga,58,4,41,Ohio State,4,42,Loss,-38,2025,11,9,2025-11-09
250,2025-11-13,43,Hofstra,69,21,67,Sacred Heart,76,15,Win,6,2025,11,13,2025-11-13
250,2025-11-13,67,Sacred Heart,76,15,43,Hofstra,69,21,Loss,-6,2025,11,13,2025-11-13
245,2025-11-14,11,Penn State,1,45,56,Oklahoma,22,0,Win,45,2025,11,14,2025-11-14
245,2025-11-14,56,Oklahoma,22,0,11,Penn State,1,45,Loss,-45,2025,11,14,2025-11-14
246,2025-11-14,27,Pittsburgh,19,20,42,Princeton,34,19,Win,1,2025,11,14,2025-11-14
246,2025-11-14,42,Princeton,34,19,27,Pittsburgh,19,20,Loss,-1,2025,11,14,2025-11-14
247,2025-11-14,74,Indiana,25,22,47,Columbia,30,19,Win,3,2025,11,14,2025-11-14
247,2025-11-14,47,Columbia,30,19,74,Indiana,25,22,Loss,-3,2025,11,14,2025-11-14
248,2025-11-14,64,Cal Poly,47,30,10,CSU Bakersfield,70,9,Win,21,2025,11,14,2025-11-14
248,2025-11-14,10,CSU Bakersfield,70,9,64,Cal Poly,47,30,Loss,-21,2025,11,14,2025-11-14
249,2025-11-14,26,Michigan State,56,35,45,LIU,73,0,Win,35,2025,11,14,2025-11-14
249,2025-11-14,45,LIU,73,0,26,Michigan State,56,35,Loss,-35,2025,11,14,2025-11-14
206,2025-11-15,17,Iowa,2,24,13,Illinois,10,13,Win,11,2025,11,15,2025-11-15
206,2025-11-15,13,Illinois,10,13,17,Iowa,2,24,Loss,-11,2025,11,15,2025-11-15
207,2025-11-15,19,Nebraska,3,24,25,Michigan,12,14,Win,10,2025,11,15,2025-11-15
207,2025-11-15,25,Michigan,12,14,19,Nebraska,3,24,Loss,-10,2025,11,15,2025-11-15
208,2025-11-15,41,Ohio State,4,29,14,Minnesota,8,6,Win,23,2025,11,15,2025-11-15
208,2025-11-15,14,Minnesota,8,6,41,Ohio State,4,29,Loss,-23,2025,11,15,2025-11-15
209,2025-11-15,52,Oklahoma State,5,23,21,NC State,7,11,Win,12,2025,11,15,2025-11-15
209,2025-11-15,21,NC State,7,11,52,Oklahoma State,5,23,Loss,-12,2025,11,15,2025-11-15
210,2025-11-15,28,Virginia Tech,13,25,21,NC State,7,9,Win,16,2025,11,15,2025-11-15
210,2025-11-15,21,NC State,7,9,28,Virginia Tech,13,25,Loss,-16,2025,11,15,2025-11-15
211,2025-11-15,14,Minnesota,8,22,1,Northern Iowa,14,16,Win,6,2025,11,15,2025-11-15
211,2025-11-15,1,Northern Iowa,14,16,14,Minnesota,8,22,Loss,-6,2025,11,15,2025-11-15
212,2025-11-15,13,Illinois,10,21,15,Lehigh,18,13,Win,8,2025,11,15,2025-11-15
212,2025-11-15,15,Lehigh,18,13,13,Illinois,10,21,Loss,-8,2025,11,15,2025-11-15
213,2025-11-15,73,Missouri,15,26,25,Michigan,12,10,Win,16,2025,11,15,2025-11-15
213,2025-11-15,25,Michigan,12,10,73,Missouri,15,26,Loss,-16,2025,11,15,2025-11-15
214,2025-11-15,28,Virginia Tech,13,25,76,Wyoming,26,12,Win,13,2025,11,15,2025-11-15
214,2025-11-15,76,Wyoming,26,12,28,Virginia Tech,13,25,Loss,-13,2025,11,15,2025-11-15
215,2025-11-15,1,Northern Iowa,14,26,16,Cornell,9,8,Win,18,2025,11,15,2025-11-15
215,2025-11-15,16,Cornell,9,8,1,Northern Iowa,14,26,Loss,-18,2025,11,15,2025-11-15
216,2025-11-15,73,Missouri,15,34,53,Little Rock,37,6,Win,28,2025,11,15,2025-11-15
216,2025-11-15,53,Little Rock,37,6,73,Missouri,15,34,Loss,-28,2025,11,15,2025-11-15
217,2025-11-15,15,Lehigh,18,24,29,Arizona State,29,18,Win,6,2025,11,15,2025-11-15
217,2025-11-15,29,Arizona State,29,18,15,Lehigh,18,24,Loss,-6,2025,11,15,2025-11-15
218,2025-11-15,57,SIU Edwardsville,46,20,31,Northwestern,38,13,Win,7,2025,11,15,2025-11-15
218,2025-11-15,31,Northwestern,38,13,57,SIU Edwardsville,46,20,Loss,-7,2025,11,15,2025-11-15
219,2025-11-15,17,Iowa,2,34,73,Missouri,15,3,Win,31,2025,11,15,2025-11-15
219,2025-11-15,73,Missouri,15,3,17,Iowa,2,34,Loss,-31,2025,11,15,2025-11-15
220,2025-11-15,19,Nebraska,3,35,15,Lehigh,18,7,Win,28,2025,11,15,2025-11-15
220,2025-11-15,15,Lehigh,18,7,19,Nebraska,3,35,Loss,-28,2025,11,15,2025-11-15
221,2025-11-15,41,Ohio State,4,33,76,Wyoming,26,6,Win,27,2025,11,15,2025-11-15
221,2025-11-15,76,Wyoming,26,6,41,Ohio State,4,33,Loss,-27,2025,11,15,2025-11-15
222,2025-11-15,52,Oklahoma State,5,22,16,Cornell,9,12,Win,10,2025,11,15,2025-11-15
222,2025-11-15,16,Cornell,9,12,52,Oklahoma State,5,22,Loss,-10,2025,11,15,2025-11-15
223,2025-11-15,21,NC State,7,27,1,Northern Iowa,14,8,Win,19,2025,11,15,2025-11-15
223,2025-11-15,1,Northern Iowa,14,8,21,NC State,7,27,Loss,-19,2025,11,15,2025-11-15
224,2025-11-15,14,Minnesota,8,19,28,Virginia Tech,13,17,Win,2,2025,11,15,2025-11-15
224,2025-11-15,28,Virginia Tech,13,17,14,Minnesota,8,19,Loss,-2,2025,11,15,2025-11-15
225,2025-11-15,13,Illinois,10,22,53,Little Rock,37,13,Win,9,2025,11,15,2025-11-15
225,2025-11-15,53,Little Rock,37,13,13,Illinois,10,22,Loss,-9,2025,11,15,2025-11-15
226,2025-11-15,25,Michigan,12,30,29,Arizona State,29,10,Win,20,2025,11,15,2025-11-15
226,2025-11-15,29,Arizona State,29,10,25,Michigan,12,30,Loss,-20,2025,11,15,2025-11-15
227,2025-11-15,55,North Carolina,23,20,68,Navy,21,18,Win,2,2025,11,15,2025-11-15
227,2025-11-15,68,Navy,21,18,55,North Carolina,23,20,Loss,-2,2025,11,15,2025-11-15
228,2025-11-15,20,Purdue,32,28,4,Northern Illinois,45,9,Win,19,2025,11,15,2025-11-15
228,2025-11-15,4,Northern Illinois,45,9,20,Purdue,32,28,Loss,-19,2025,11,15,2025-11-15
229,2025-11-15,20,Purdue,32,34,59,American,52,10,Win,24,2025,11,15,2025-11-15
229,2025-11-15,59,American,52,10,20,Purdue,32,34,Loss,-24,2025,11,15,2025-11-15
230,2025-11-15,20,Purdue,32,35,36,Buffalo,66,6,Win,29,2025,11,15,2025-11-15
230,2025-11-15,36,Buffalo,66,6,20,Purdue,32,35,Loss,-29,2025,11,15,2025-11-15
231,2025-11-15,56,Oklahoma,22,18,46,Bucknell,35,12,Win,6,2025,11,15,2025-11-15
231,2025-11-15,46,Bucknell,35,12,56,Oklahoma,22,18,Loss,-6,2025,11,15,2025-11-15
232,2025-11-15,4,Northern Illinois,45,21,59,American,52,12,Win,9,2025,11,15,2025-11-15
232,2025-11-15,59,American,52,12,4,Northern Illinois,45,21,Loss,-9,2025,11,15,2025-11-15
233,2025-11-15,59,American,52,23,36,Buffalo,66,15,Win,8,2025,11,15,2025-11-15
233,2025-11-15,36,Buffalo,66,15,59,American,52,23,Loss,-8,2025,11,15,2025-11-15
234,2025-11-15,18,Wisconsin,31,27,6,Ohio,55,10,Win,17,2025,11,15,2025-11-15
234,2025-11-15,6,Ohio,55,10,18,Wisconsin,31,27,Loss,-17,2025,11,15,2025-11-15
235,2025-11-15,23,Stanford,11,29,48,California Baptist,59,12,Win,17,2025,11,15,2025-11-15
235,2025-11-15,48,California Baptist,59,12,23,Stanford,11,29,Loss,-17,2025,11,15,2025-11-15
236,2025-11-15,22,Virginia,40,27,34,Kent State,62,6,Win,21,2025,11,15,2025-11-15
236,2025-11-15,34,Kent State,62,6,22,Virginia,40,27,Loss,-21,2025,11,15,2025-11-15
237,2025-11-15,78,Brown,63,35,65,Davidson,71,15,Win,20,2025,11,15,2025-11-15
237,2025-11-15,65,Davidson,71,15,78,Brown,63,35,Loss,-20,2025,11,15,2025-11-15
238,2025-11-15,32,Maryland,43,24,61,The Citadel,64,9,Win,15,2025,11,15,2025-11-15
238,2025-11-15,61,The Citadel,64,9,32,Maryland,43,24,Loss,-15,2025,11,15,2025-11-15
239,2025-11-15,71,Air Force,53,23,61,The Citadel,64,12,Win,11,2025,11,15,2025-11-15
239,2025-11-15,61,The Citadel,64,12,71,Air Force,53,23,Loss,-11,2025,11,15,2025-11-15
240,2025-11-15,32,Maryland,43,27,60,Gardner-Webb,67,13,Win,14,2025,11,15,2025-11-15
240,2025-11-15,60,Gardner-Webb,67,13,32,Maryland,43,27,Loss,-14,2025,11,15,2025-11-15
241,2025-11-15,60,Gardner-Webb,67,20,71,Air Force,53,18,Win,2,2025,11,15,2025-11-15
241,2025-11-15,71,Air Force,53,18,60,Gardner-Webb,67,20,Loss,-2,2025,11,15,2025-11-15
242,2025-11-15,50,Pennsylvania,27,36,9,Campbell,74,6,Win,30,2025,11,15,2025-11-15
242,2025-11-15,9,Campbell,74,6,50,Pennsylvania,27,36,Loss,-30,2025,11,15,2025-11-15
243,2025-11-15,9,Campbell,74,21,37,Presbyterian,78,20,Win,1,2025,11,15,2025-11-15
243,2025-11-15,37,Presbyterian,78,20,9,Campbell,74,21,Loss,-1,2025,11,15,2025-11-15
244,2025-11-15,67,Sacred Heart,76,20,65,Davidson,71,18,Win,2,2025,11,15,2025-11-15
244,2025-11-15,65,Davidson,71,18,67,Sacred Heart,76,20,Loss,-2,2025,11,15,2025-11-15
187,2025-11-16,17,Iowa,2,18,52,Oklahoma State,5,16,Win,2,2025,11,16,2025-11-16
187,2025-11-16,52,Oklahoma State,5,16,17,Iowa,2,18,Loss,-2,2025,11,16,2025-11-16
188,2025-11-16,41,Ohio State,4,27,17,Iowa,2,12,Win,15,2025,11,16,2025-11-16
188,2025-11-16,17,Iowa,2,12,41,Ohio State,4,27,Loss,-15,2025,11,16,2025-11-16
189,2025-11-16,41,Ohio State,4,33,19,Nebraska,3,3,Win,30,2025,11,16,2025-11-16
189,2025-11-16,19,Nebraska,3,3,41,Ohio State,4,33,Loss,-30,2025,11,16,2025-11-16
190,2025-11-16,52,Oklahoma State,5,33,19,Nebraska,3,6,Win,27,2025,11,16,2025-11-16
190,2025-11-16,19,Nebraska,3,6,52,Oklahoma State,5,33,Loss,-27,2025,11,16,2025-11-16
191,2025-11-16,14,Minnesota,8,25,28,Virginia Tech,13,10,Win,15,2025,11,16,2025-11-16
191,2025-11-16,28,Virginia Tech,13,10,14,Minnesota,8,25,Loss,-15,2025,11,16,2025-11-16
192,2025-11-16,14,Minnesota,8,15,73,Missouri,15,14,Win,1,2025,11,16,2025-11-16
192,2025-11-16,73,Missouri,15,14,14,Minnesota,8,15,Loss,-1,2025,11,16,2025-11-16
193,2025-11-16,28,Virginia Tech,13,19,13,Illinois,10,18,Win,1,2025,11,16,2025-11-16
193,2025-11-16,13,Illinois,10,18,28,Virginia Tech,13,19,Loss,-1,2025,11,16,2025-11-16
194,2025-11-16,13,Illinois,10,26,73,Missouri,15,18,Win,8,2025,11,16,2025-11-16
194,2025-11-16,73,Missouri,15,18,13,Illinois,10,26,Loss,-8,2025,11,16,2025-11-16
195,2025-11-16,30,West Virginia,17,25,42,Princeton,34,9,Win,16,2025,11,16,2025-11-16
195,2025-11-16,42,Princeton,34,9,30,West Virginia,17,25,Loss,-16,2025,11,16,2025-11-16
196,2025-11-16,30,West Virginia,17,31,38,Appalachian State,49,12,Win,19,2025,11,16,2025-11-16
196,2025-11-16,38,Appalachian State,49,12,30,West Virginia,17,31,Loss,-19,2025,11,16,2025-11-16
197,2025-11-16,40,Oregon State,24,25,70,Utah Valley,36,9,Win,16,2025,11,16,2025-11-16
197,2025-11-16,70,Utah Valley,36,9,40,Oregon State,24,25,Loss,-16,2025,11,16,2025-11-16
198,2025-11-16,42,Princeton,34,25,38,Appalachian State,49,9,Win,16,2025,11,16,2025-11-16
198,2025-11-16,38,Appalachian State,49,9,42,Princeton,34,25,Loss,-16,2025,11,16,2025-11-16
199,2025-11-16,33,Rider,41,24,26,Michigan State,56,16,Win,8,2025,11,16,2025-11-16
199,2025-11-16,26,Michigan State,56,16,33,Rider,41,24,Loss,-8,2025,11,16,2025-11-16
200,2025-11-16,63,Edinboro,48,44,66,VMI,75,0,Win,44,2025,11,16,2025-11-16
200,2025-11-16,66,VMI,75,0,63,Edinboro,48,44,Loss,-44,2025,11,16,2025-11-16
201,2025-11-16,72,Franklin & Marshall,57,27,45,LIU,73,11,Win,16,2025,11,16,2025-11-16
201,2025-11-16,45,LIU,73,11,72,Franklin & Marshall,57,27,Loss,-16,2025,11,16,2025-11-16
202,2025-11-16,47,Columbia,30,32,43,Hofstra,69,6,Win,26,2025,11,16,2025-11-16
202,2025-11-16,43,Hofstra,69,6,47,Columbia,30,32,Loss,-26,2025,11,16,2025-11-16
203,2025-11-16,3,Drexel,42,36,24,Duke,72,4,Win,32,2025,11,16,2025-11-16
203,2025-11-16,24,Duke,72,4,3,Drexel,42,36,Loss,-32,2025,11,16,2025-11-16
204,2025-11-16,3,Drexel,42,38,51,Morgan State,77,9,Win,29,2025,11,16,2025-11-16
204,2025-11-16,51,Morgan State,77,9,3,Drexel,42,38,Loss,-29,2025,11,16,2025-11-16
205,2025-11-16,24,Duke,72,28,51,Morgan State,77,10,Win,18,2025,11,16,2025-11-16
205,2025-11-16,51,Morgan State,77,10,24,Duke,72,28,Loss,-18,2025,11,16,2025-11-16
184,2025-11-20,41,Ohio State,4,44,34,Kent State,62,0,Win,44,2025,11,20,2025-11-20
184,2025-11-20,34,Kent State,62,0,41,Ohio State,4,44,Loss,-44,2025,11,20,2025-11-20
185,2025-11-20,59,American,52,20,54,George Mason,44,18,Win,2,2025,11,20,2025-11-20
185,2025-11-20,54,George Mason,44,18,59,American,52,20,Loss,-2,2025,11,20,2025-11-20
186,2025-11-20,70,Utah Valley,36,26,48,California Baptist,59,9,Win,17,2025,11,20,2025-11-20
186,2025-11-20,48,California Baptist,59,9,70,Utah Valley,36,26,Loss,-17,2025,11,20,2025-11-20
178,2025-11-21,17,Iowa,2,36,27,Pittsburgh,19,0,Win,36,2025,11,21,2025-11-21
178,2025-11-21,27,Pittsburgh,19,0,17,Iowa,2,36,Loss,-36,2025,11,21,2025-11-21
179,2025-11-21,55,North Carolina,23,47,65,Davidson,71,0,Win,47,2025,11,21,2025-11-21
179,2025-11-21,65,Davidson,71,0,55,North Carolina,23,47,Loss,-47,2025,11,21,2025-11-21
180,2025-11-21,25,Michigan,12,25,47,Columbia,30,9,Win,16,2025,11,21,2025-11-21
180,2025-11-21,47,Columbia,30,9,25,Michigan,12,25,Loss,-16,2025,11,21,2025-11-21
181,2025-11-21,52,Oklahoma State,5,34,71,Air Force,53,6,Win,28,2025,11,21,2025-11-21
181,2025-11-21,71,Air Force,53,6,52,Oklahoma State,5,34,Loss,-28,2025,11,21,2025-11-21
182,2025-11-21,77,Bellarmine,54,23,4,Northern Illinois,45,13,Win,10,2025,11,21,2025-11-21
182,2025-11-21,4,Northern Illinois,45,13,77,Bellarmine,54,23,Loss,-10,2025,11,21,2025-11-21
183,2025-11-21,32,Maryland,43,38,51,Morgan State,77,7,Win,31,2025,11,21,2025-11-21
183,2025-11-21,51,Morgan State,77,7,32,Maryland,43,38,Loss,-31,2025,11,21,2025-11-21
175,2025-11-22,50,Pennsylvania,27,35,43,Hofstra,69,8,Win,27,2025,11,22,2025-11-22
175,2025-11-22,43,Hofstra,69,8,50,Pennsylvania,27,35,Loss,-27,2025,11,22,2025-11-22
176,2025-11-22,76,Wyoming,26,28,48,California Baptist,59,12,Win,16,2025,11,22,2025-11-22
176,2025-11-22,48,California Baptist,59,12,76,Wyoming,26,28,Loss,-16,2025,11,22,2025-11-22
177,2025-11-22,66,VMI,75,28,24,Duke,72,10,Win,18,2025,11,22,2025-11-22
177,2025-11-22,24,Duke,72,10,66,VMI,75,28,Loss,-18,2025,11,22,2025-11-22
168,2025-11-23,25,Michigan,12,41,22,Virginia,40,3,Win,38,2025,11,23,2025-11-23
168,2025-11-23,22,Virginia,40,3,25,Michigan,12,41,Loss,-38,2025,11,23,2025-11-23
169,2025-11-23,31,Northwestern,38,21,42,Princeton,34,19,Win,2,2025,11,23,2025-11-23
169,2025-11-23,42,Princeton,34,19,31,Northwestern,38,21,Loss,-2,2025,11,23,2025-11-23
170,2025-11-23,1,Northern Iowa,14,27,62,North Dakota State,33,11,Win,16,2025,11,23,2025-11-23
170,2025-11-23,62,North Dakota State,33,11,1,Northern Iowa,14,27,Loss,-16,2025,11,23,2025-11-23
171,2025-11-23,30,West Virginia,17,28,33,Rider,41,10,Win,18,2025,11,23,2025-11-23
171,2025-11-23,33,Rider,41,10,30,West Virginia,17,28,Loss,-18,2025,11,23,2025-11-23
172,2025-11-23,56,Oklahoma,22,22,74,Indiana,25,13,Win,9,2025,11,23,2025-11-23
172,2025-11-23,74,Indiana,25,13,56,Oklahoma,22,22,Loss,-9,2025,11,23,2025-11-23
173,2025-11-23,52,Oklahoma State,5,25,29,Arizona State,29,11,Win,14,2025,11,23,2025-11-23
173,2025-11-23,29,Arizona State,29,11,52,Oklahoma State,5,25,Loss,-14,2025,11,23,2025-11-23
174,2025-11-23,20,Purdue,32,38,65,Davidson,71,4,Win,34,2025,11,23,2025-11-23
174,2025-11-23,65,Davidson,71,4,20,Purdue,32,38,Loss,-34,2025,11,23,2025-11-23
167,2025-11-24,13,Illinois,10,21,73,Missouri,15,16,Win,5,2025,11,24,2025-11-24
167,2025-11-24,73,Missouri,15,16,13,Illinois,10,21,Loss,-5,2025,11,24,2025-11-24
165,2025-11-25,2,South Dakota State,20,18,14,Minnesota,8,14,Win,4,2025,11,25,2025-11-25
165,2025-11-25,14,Minnesota,8,14,2,South Dakota State,20,18,Loss,-4,2025,11,25,2025-11-25
166,2025-11-25,18,Wisconsin,31,19,46,Bucknell,35,15,Win,4,2025,11,25,2025-11-25
166,2025-11-25,46,Bucknell,35,15,18,Wisconsin,31,19,Loss,-4,2025,11,25,2025-11-25
164,2025-11-29,22,Virginia,40,41,8,Bloomsburg,68,0,Win,41,2025,11,29,2025-11-29
164,2025-11-29,8,Bloomsburg,68,0,22,Virginia,40,41,Loss,-41,2025,11,29,2025-11-29
162,2025-11-30,39,Iowa State,6,20,17,Iowa,2,14,Win,6,2025,11,30,2025-11-30
162,2025-11-30,17,Iowa,2,14,39,Iowa State,6,20,Loss,-6,2025,11,30,2025-11-30
163,2025-11-30,21,NC State,7,21,38,Appalachian State,49,14,Win,7,2025,11,30,2025-11-30
163,2025-11-30,38,Appalachian State,49,14,21,NC State,7,21,Loss,-7,2025,11,30,2025-11-30
160,2025-12-03,41,Ohio State,4,41,77,Bellarmine,54,3,Win,38,2025,12,3,2025-12-03
160,2025-12-03,77,Bellarmine,54,3,41,Ohio State,4,41,Loss,-38,2025,12,3,2025-12-03
161,2025-12-03,24,Duke,72,24,60,Gardner-Webb,67,22,Win,2,2025,12,3,2025-12-03
161,2025-12-03,60,Gardner-Webb,67,22,24,Duke,72,24,Loss,-2,2025,12,3,2025-12-03
159,2025-12-04,14,Minnesota,8,23,53,Little Rock,37,9,Win,14,2025,12,4,2025-12-04
159,2025-12-04,53,Little Rock,37,9,14,Minnesota,8,23,Loss,-14,2025,12,4,2025-12-04
148,2025-12-05,19,Nebraska,3,44,78,Brown,63,3,Win,41,2025,12,5,2025-12-05
148,2025-12-05,78,Brown,63,3,19,Nebraska,3,44,Loss,-41,2025,12,5,2025-12-05
149,2025-12-05,19,Nebraska,3,27,73,Missouri,15,10,Win,17,2025,12,5,2025-12-05
149,2025-12-05,73,Missouri,15,10,19,Nebraska,3,27,Loss,-17,2025,12,5,2025-12-05
150,2025-12-05,73,Missouri,15,42,45,LIU,73,0,Win,42,2025,12,5,2025-12-05
150,2025-12-05,45,LIU,73,0,73,Missouri,15,42,Loss,-42,2025,12,5,2025-12-05
151,2025-12-05,27,Pittsburgh,19,21,15,Lehigh,18,15,Win,6,2025,12,5,2025-12-05
151,2025-12-05,15,Lehigh,18,15,27,Pittsburgh,19,21,Loss,-6,2025,12,5,2025-12-05
152,2025-12-05,74,Indiana,25,33,5,Central Michigan,50,7,Win,26,2025,12,5,2025-12-05
152,2025-12-05,5,Central Michigan,50,7,74,Indiana,25,33,Loss,-26,2025,12,5,2025-12-05
153,2025-12-05,11,Penn State,1,43,3,Drexel,42,3,Win,40,2025,12,5,2025-12-05
153,2025-12-05,3,Drexel,42,3,11,Penn State,1,43,Loss,-40,2025,12,5,2025-12-05
154,2025-12-05,32,Maryland,43,27,59,American,52,9,Win,18,2025,12,5,2025-12-05
154,2025-12-05,59,American,52,9,32,Maryland,43,27,Loss,-18,2025,12,5,2025-12-05
155,2025-12-05,44,Lock Haven,39,30,58,Clarion,65,10,Win,20,2025,12,5,2025-12-05
155,2025-12-05,58,Clarion,65,10,44,Lock Haven,39,30,Loss,-20,2025,12,5,2025-12-05
156,2025-12-05,26,Michigan State,56,23,60,Gardner-Webb,67,11,Win,12,2025,12,5,2025-12-05
156,2025-12-05,60,Gardner-Webb,67,11,26,Michigan State,56,23,Loss,-12,2025,12,5,2025-12-05
157,2025-12-05,36,Buffalo,66,21,8,Bloomsburg,68,14,Win,7,2025,12,5,2025-12-05
157,2025-12-05,8,Bloomsburg,68,14,36,Buffalo,66,21,Loss,-7,2025,12,5,2025-12-05
158,2025-12-05,78,Brown,63,29,45,LIU,73,17,Win,12,2025,12,5,2025-12-05
158,2025-12-05,45,LIU,73,17,78,Brown,63,29,Loss,-12,2025,12,5,2025-12-05
147,2025-12-06,18,Wisconsin,31,24,75,Army West Point,28,12,Win,12,2025,12,6,2025-12-06
147,2025-12-06,75,Army West Point,28,12,18,Wisconsin,31,24,Loss,-12,2025,12,6,2025-12-06
136,2025-12-07,11,Penn State,1,36,15,Lehigh,18,6,Win,30,2025,12,7,2025-12-07
136,2025-12-07,15,Lehigh,18,6,11,Penn State,1,36,Loss,-30,2025,12,7,2025-12-07
137,2025-12-07,21,NC State,7,27,12,Rutgers,16,11,Win,16,2025,12,7,2025-12-07
137,2025-12-07,12,Rutgers,16,11,21,NC State,7,27,Loss,-16,2025,12,7,2025-12-07
138,2025-12-07,21,NC State,7,45,51,Morgan State,77,4,Win,41,2025,12,7,2025-12-07
138,2025-12-07,51,Morgan State,77,4,21,NC State,7,45,Loss,-41,2025,12,7,2025-12-07
139,2025-12-07,14,Minnesota,8,26,62,North Dakota State,33,9,Win,17,2025,12,7,2025-12-07
139,2025-12-07,62,North Dakota State,33,9,14,Minnesota,8,26,Loss,-17,2025,12,7,2025-12-07
140,2025-12-07,12,Rutgers,16,49,65,Davidson,71,3,Win,46,2025,12,7,2025-12-07
140,2025-12-07,65,Davidson,71,3,12,Rutgers,16,49,Loss,-46,2025,12,7,2025-12-07
141,2025-12-07,27,Pittsburgh,19,18,46,Bucknell,35,13,Win,5,2025,12,7,2025-12-07
141,2025-12-07,46,Bucknell,35,13,27,Pittsburgh,19,18,Loss,-5,2025,12,7,2025-12-07
142,2025-12-07,74,Indiana,25,25,53,Little Rock,37,16,Win,9,2025,12,7,2025-12-07
142,2025-12-07,53,Little Rock,37,16,74,Indiana,25,25,Loss,-9,2025,12,7,2025-12-07
143,2025-12-07,5,Central Michigan,50,28,77,Bellarmine,54,6,Win,22,2025,12,7,2025-12-07
143,2025-12-07,77,Bellarmine,54,6,5,Central Michigan,50,28,Loss,-22,2025,12,7,2025-12-07
144,2025-12-07,26,Michigan State,56,21,61,The Citadel,64,14,Win,7,2025,12,7,2025-12-07
144,2025-12-07,61,The Citadel,64,14,26,Michigan State,56,21,Loss,-7,2025,12,7,2025-12-07
145,2025-12-07,18,Wisconsin,31,41,43,Hofstra,69,0,Win,41,2025,12,7,2025-12-07
145,2025-12-07,43,Hofstra,69,0,18,Wisconsin,31,41,Loss,-41,2025,12,7,2025-12-07
146,2025-12-07,65,Davidson,71,43,51,Morgan State,77,9,Win,34,2025,12,7,2025-12-07
146,2025-12-07,51,Morgan State,77,9,65,Davidson,71,43,Loss,-34,2025,12,7,2025-12-07
135,2025-12-09,8,Bloomsburg,68,20,45,LIU,73,13,Win,7,2025,12,9,2025-12-09
135,2025-12-09,45,LIU,73,13,8,Bloomsburg,68,20,Loss,-7,2025,12,9,2025-12-09
132,2025-12-11,77,Bellarmine,54,20,63,Edinboro,48,14,Win,6,2025,12,11,2025-12-11
132,2025-12-11,63,Edinboro,48,14,77,Bellarmine,54,20,Loss,-6,2025,12,11,2025-12-11
133,2025-12-11,63,Edinboro,48,30,34,Kent State,62,14,Win,16,2025,12,11,2025-12-11
133,2025-12-11,34,Kent State,62,14,63,Edinboro,48,30,Loss,-16,2025,12,11,2025-12-11
134,2025-12-11,34,Kent State,62,18,77,Bellarmine,54,16,Win,2,2025,12,11,2025-12-11
134,2025-12-11,77,Bellarmine,54,16,34,Kent State,62,18,Loss,-2,2025,12,11,2025-12-11
127,2025-12-12,17,Iowa,2,33,70,Utah Valley,36,7,Win,26,2025,12,12,2025-12-12
127,2025-12-12,70,Utah Valley,36,7,17,Iowa,2,33,Loss,-26,2025,12,12,2025-12-12
128,2025-12-12,17,Iowa,2,37,69,Chattanooga,58,6,Win,31,2025,12,12,2025-12-12
128,2025-12-12,69,Chattanooga,58,6,17,Iowa,2,37,Loss,-31,2025,12,12,2025-12-12
129,2025-12-12,41,Ohio State,4,26,21,NC State,7,10,Win,16,2025,12,12,2025-12-12
129,2025-12-12,21,NC State,7,10,41,Ohio State,4,26,Loss,-16,2025,12,12,2025-12-12
130,2025-12-12,55,North Carolina,23,27,30,West Virginia,17,7,Win,20,2025,12,12,2025-12-12
130,2025-12-12,30,West Virginia,17,7,55,North Carolina,23,27,Loss,-20,2025,12,12,2025-12-12
131,2025-12-12,70,Utah Valley,36,33,69,Chattanooga,58,3,Win,30,2025,12,12,2025-12-12
131,2025-12-12,69,Chattanooga,58,3,70,Utah Valley,36,33,Loss,-30,2025,12,12,2025-12-12
119,2025-12-13,56,Oklahoma,22,19,12,Rutgers,16,14,Win,5,2025,12,13,2025-12-13
119,2025-12-13,12,Rutgers,16,14,56,Oklahoma,22,19,Loss,-5,2025,12,13,2025-12-13
120,2025-12-13,74,Indiana,25,26,75,Army West Point,28,14,Win,12,2025,12,13,2025-12-13
120,2025-12-13,75,Army West Point,28,14,74,Indiana,25,26,Loss,-12,2025,12,13,2025-12-13
121,2025-12-13,11,Penn State,1,40,76,Wyoming,26,7,Win,33,2025,12,13,2025-12-13
121,2025-12-13,76,Wyoming,26,7,11,Penn State,1,40,Loss,-33,2025,12,13,2025-12-13
122,2025-12-13,27,Pittsburgh,19,35,32,Maryland,43,3,Win,32,2025,12,13,2025-12-13
122,2025-12-13,32,Maryland,43,3,27,Pittsburgh,19,35,Loss,-32,2025,12,13,2025-12-13
123,2025-12-13,34,Kent State,62,20,60,Gardner-Webb,67,14,Win,6,2025,12,13,2025-12-13
123,2025-12-13,60,Gardner-Webb,67,14,34,Kent State,62,20,Loss,-6,2025,12,13,2025-12-13
124,2025-12-13,34,Kent State,62,22,36,Buffalo,66,10,Win,12,2025,12,13,2025-12-13
124,2025-12-13,36,Buffalo,66,10,34,Kent State,62,22,Loss,-12,2025,12,13,2025-12-13
125,2025-12-13,36,Buffalo,66,23,60,Gardner-Webb,67,22,Win,1,2025,12,13,2025-12-13
125,2025-12-13,60,Gardner-Webb,67,22,36,Buffalo,66,23,Loss,-1,2025,12,13,2025-12-13
126,2025-12-13,35,Binghamton,60,24,8,Bloomsburg,68,13,Win,11,2025,12,13,2025-12-13
126,2025-12-13,8,Bloomsburg,68,13,35,Binghamton,60,24,Loss,-11,2025,12,13,2025-12-13
115,2025-12-14,1,Northern Iowa,14,22,73,Missouri,15,14,Win,8,2025,12,14,2025-12-14
115,2025-12-14,73,Missouri,15,14,1,Northern Iowa,14,22,Loss,-8,2025,12,14,2025-12-14
116,2025-12-14,12,Rutgers,16,28,3,Drexel,42,12,Win,16,2025,12,14,2025-12-14
116,2025-12-14,3,Drexel,42,12,12,Rutgers,16,28,Loss,-16,2025,12,14,2025-12-14
117,2025-12-14,52,Oklahoma State,5,34,30,West Virginia,17,3,Win,31,2025,12,14,2025-12-14
117,2025-12-14,30,West Virginia,17,3,52,Oklahoma State,5,34,Loss,-31,2025,12,14,2025-12-14
118,2025-12-14,56,Oklahoma,22,26,33,Rider,41,15,Win,11,2025,12,14,2025-12-14
118,2025-12-14,33,Rider,41,15,56,Oklahoma,22,26,Loss,-11,2025,12,14,2025-12-14
114,2025-12-15,48,California Baptist,59,42,37,Presbyterian,78,3,Win,39,2025,12,15,2025-12-15
114,2025-12-15,37,Presbyterian,78,3,48,California Baptist,59,42,Loss,-39,2025,12,15,2025-12-15
113,2025-12-17,38,Appalachian State,49,31,24,Duke,72,8,Win,23,2025,12,17,2025-12-17
113,2025-12-17,24,Duke,72,8,38,Appalachian State,49,31,Loss,-23,2025,12,17,2025-12-17
105,2025-12-18,18,Wisconsin,31,23,70,Utah Valley,36,14,Win,9,2025,12,18,2025-12-18
105,2025-12-18,70,Utah Valley,36,14,18,Wisconsin,31,23,Loss,-9,2025,12,18,2025-12-18
106,2025-12-18,18,Wisconsin,31,24,44,Lock Haven,39,11,Win,13,2025,12,18,2025-12-18
106,2025-12-18,44,Lock Haven,39,11,18,Wisconsin,31,24,Loss,-13,2025,12,18,2025-12-18
107,2025-12-18,71,Air Force,53,27,72,Franklin & Marshall,57,14,Win,13,2025,12,18,2025-12-18
107,2025-12-18,72,Franklin & Marshall,57,14,71,Air Force,53,27,Loss,-13,2025,12,18,2025-12-18
108,2025-12-18,59,American,52,20,26,Michigan State,56,17,Win,3,2025,12,18,2025-12-18
108,2025-12-18,26,Michigan State,56,17,59,American,52,20,Loss,-3,2025,12,18,2025-12-18
109,2025-12-18,72,Franklin & Marshall,57,25,65,Davidson,71,13,Win,12,2025,12,18,2025-12-18
109,2025-12-18,65,Davidson,71,13,72,Franklin & Marshall,57,25,Loss,-12,2025,12,18,2025-12-18
110,2025-12-18,65,Davidson,71,21,37,Presbyterian,78,9,Win,12,2025,12,18,2025-12-18
110,2025-12-18,37,Presbyterian,78,9,65,Davidson,71,21,Loss,-12,2025,12,18,2025-12-18
111,2025-12-18,71,Air Force,53,44,37,Presbyterian,78,0,Win,44,2025,12,18,2025-12-18
111,2025-12-18,37,Presbyterian,78,0,71,Air Force,53,44,Loss,-44,2025,12,18,2025-12-18
112,2025-12-18,72,Franklin & Marshall,57,31,37,Presbyterian,78,10,Win,21,2025,12,18,2025-12-18
112,2025-12-18,37,Presbyterian,78,10,72,Franklin & Marshall,57,31,Loss,-21,2025,12,18,2025-12-18
99,2025-12-19,19,Nebraska,3,27,55,North Carolina,23,9,Win,18,2025,12,19,2025-12-19
99,2025-12-19,55,North Carolina,23,9,19,Nebraska,3,27,Loss,-18,2025,12,19,2025-12-19
100,2025-12-19,31,Northwestern,38,19,44,Lock Haven,39,13,Win,6,2025,12,19,2025-12-19
100,2025-12-19,44,Lock Haven,39,13,31,Northwestern,38,19,Loss,-6,2025,12,19,2025-12-19
101,2025-12-19,40,Oregon State,24,28,4,Northern Illinois,45,12,Win,16,2025,12,19,2025-12-19
101,2025-12-19,4,Northern Illinois,45,12,40,Oregon State,24,28,Loss,-16,2025,12,19,2025-12-19
102,2025-12-19,35,Binghamton,60,40,45,LIU,73,4,Win,36,2025,12,19,2025-12-19
102,2025-12-19,45,LIU,73,4,35,Binghamton,60,40,Loss,-36,2025,12,19,2025-12-19
103,2025-12-19,49,Northern Colorado,61,34,9,Campbell,74,12,Win,22,2025,12,19,2025-12-19
103,2025-12-19,9,Campbell,74,12,49,Northern Colorado,61,34,Loss,-22,2025,12,19,2025-12-19
104,2025-12-19,34,Kent State,62,28,69,Chattanooga,58,12,Win,16,2025,12,19,2025-12-19
104,2025-12-19,69,Chattanooga,58,12,34,Kent State,62,28,Loss,-16,2025,12,19,2025-12-19
86,2025-12-20,11,Penn State,1,42,23,Stanford,11,0,Win,42,2025,12,20,2025-12-20
86,2025-12-20,23,Stanford,11,0,11,Penn State,1,42,Loss,-42,2025,12,20,2025-12-20
87,2025-12-20,23,Stanford,11,25,62,North Dakota State,33,15,Win,10,2025,12,20,2025-12-20
87,2025-12-20,62,North Dakota State,33,15,23,Stanford,11,25,Loss,-10,2025,12,20,2025-12-20
88,2025-12-20,27,Pittsburgh,19,23,63,Edinboro,48,12,Win,11,2025,12,20,2025-12-20
88,2025-12-20,63,Edinboro,48,12,27,Pittsburgh,19,23,Loss,-11,2025,12,20,2025-12-20
89,2025-12-20,18,Wisconsin,31,26,29,Arizona State,29,15,Win,11,2025,12,20,2025-12-20
89,2025-12-20,29,Arizona State,29,15,18,Wisconsin,31,26,Loss,-11,2025,12,20,2025-12-20
90,2025-12-20,11,Penn State,1,46,62,North Dakota State,33,0,Win,46,2025,12,20,2025-12-20
90,2025-12-20,62,North Dakota State,33,0,11,Penn State,1,46,Loss,-46,2025,12,20,2025-12-20
91,2025-12-20,3,Drexel,42,24,64,Cal Poly,47,11,Win,13,2025,12,20,2025-12-20
91,2025-12-20,64,Cal Poly,47,11,3,Drexel,42,24,Loss,-13,2025,12,20,2025-12-20
92,2025-12-20,64,Cal Poly,47,26,48,California Baptist,59,15,Win,11,2025,12,20,2025-12-20
92,2025-12-20,48,California Baptist,59,15,64,Cal Poly,47,26,Loss,-11,2025,12,20,2025-12-20
93,2025-12-20,3,Drexel,42,21,48,California Baptist,59,18,Win,3,2025,12,20,2025-12-20
93,2025-12-20,48,California Baptist,59,18,3,Drexel,42,21,Loss,-3,2025,12,20,2025-12-20
94,2025-12-20,6,Ohio,55,28,65,Davidson,71,10,Win,18,2025,12,20,2025-12-20
94,2025-12-20,65,Davidson,71,10,6,Ohio,55,28,Loss,-18,2025,12,20,2025-12-20
95,2025-12-20,8,Bloomsburg,68,26,66,VMI,75,11,Win,15,2025,12,20,2025-12-20
95,2025-12-20,66,VMI,75,11,8,Bloomsburg,68,26,Loss,-15,2025,12,20,2025-12-20
96,2025-12-20,66,VMI,75,22,67,Sacred Heart,76,13,Win,9,2025,12,20,2025-12-20
96,2025-12-20,67,Sacred Heart,76,13,66,VMI,75,22,Loss,-9,2025,12,20,2025-12-20
97,2025-12-20,8,Bloomsburg,68,28,67,Sacred Heart,76,14,Win,14,2025,12,20,2025-12-20
97,2025-12-20,67,Sacred Heart,76,14,8,Bloomsburg,68,28,Loss,-14,2025,12,20,2025-12-20
98,2025-12-20,68,Navy,21,48,51,Morgan State,77,3,Win,45,2025,12,20,2025-12-20
98,2025-12-20,51,Morgan State,77,3,68,Navy,21,48,Loss,-45,2025,12,20,2025-12-20
56,2025-12-21,13,Illinois,10,21,16,Cornell,9,14,Win,7,2025,12,21,2025-12-21
56,2025-12-21,16,Cornell,9,14,13,Illinois,10,21,Loss,-7,2025,12,21,2025-12-21
57,2025-12-21,22,Virginia,40,29,43,Hofstra,69,9,Win,20,2025,12,21,2025-12-21
57,2025-12-21,43,Hofstra,69,9,22,Virginia,40,29,Loss,-20,2025,12,21,2025-12-21
58,2025-12-21,22,Virginia,40,55,51,Morgan State,77,0,Win,55,2025,12,21,2025-12-21
58,2025-12-21,51,Morgan State,77,0,22,Virginia,40,55,Loss,-55,2025,12,21,2025-12-21
59,2025-12-21,43,Hofstra,69,54,51,Morgan State,77,0,Win,54,2025,12,21,2025-12-21
59,2025-12-21,51,Morgan State,77,0,43,Hofstra,69,54,Loss,-54,2025,12,21,2025-12-21
60,2025-12-21,52,Oklahoma State,5,22,19,Nebraska,3,12,Win,10,2025,12,21,2025-12-21
60,2025-12-21,19,Nebraska,3,12,52,Oklahoma State,5,22,Loss,-10,2025,12,21,2025-12-21
61,2025-12-21,41,Ohio State,4,21,39,Iowa State,6,13,Win,8,2025,12,21,2025-12-21
61,2025-12-21,39,Iowa State,6,13,41,Ohio State,4,21,Loss,-8,2025,12,21,2025-12-21
62,2025-12-21,41,Ohio State,4,34,53,Little Rock,37,9,Win,25,2025,12,21,2025-12-21
62,2025-12-21,53,Little Rock,37,9,41,Ohio State,4,34,Loss,-25,2025,12,21,2025-12-21
63,2025-12-21,21,NC State,7,34,54,George Mason,44,14,Win,20,2025,12,21,2025-12-21
63,2025-12-21,54,George Mason,44,14,21,NC State,7,34,Loss,-20,2025,12,21,2025-12-21
64,2025-12-21,21,NC State,7,42,36,Buffalo,66,3,Win,39,2025,12,21,2025-12-21
64,2025-12-21,36,Buffalo,66,3,21,NC State,7,42,Loss,-39,2025,12,21,2025-12-21
65,2025-12-21,16,Cornell,9,31,53,Little Rock,37,10,Win,21,2025,12,21,2025-12-21
65,2025-12-21,53,Little Rock,37,10,16,Cornell,9,31,Loss,-21,2025,12,21,2025-12-21
66,2025-12-21,13,Illinois,10,24,15,Lehigh,18,12,Win,12,2025,12,21,2025-12-21
66,2025-12-21,15,Lehigh,18,12,13,Illinois,10,24,Loss,-12,2025,12,21,2025-12-21
67,2025-12-21,55,North Carolina,23,19,1,Northern Iowa,14,13,Win,6,2025,12,21,2025-12-21
67,2025-12-21,1,Northern Iowa,14,13,55,North Carolina,23,19,Loss,-6,2025,12,21,2025-12-21
68,2025-12-21,39,Iowa State,6,26,15,Lehigh,18,11,Win,15,2025,12,21,2025-12-21
68,2025-12-21,15,Lehigh,18,11,39,Iowa State,6,26,Loss,-15,2025,12,21,2025-12-21
69,2025-12-21,2,South Dakota State,20,45,9,Campbell,74,3,Win,42,2025,12,21,2025-12-21
69,2025-12-21,9,Campbell,74,3,2,South Dakota State,20,45,Loss,-42,2025,12,21,2025-12-21
70,2025-12-21,56,Oklahoma,22,23,57,SIU Edwardsville,46,13,Win,10,2025,12,21,2025-12-21
70,2025-12-21,57,SIU Edwardsville,46,13,56,Oklahoma,22,23,Loss,-10,2025,12,21,2025-12-21
71,2025-12-21,56,Oklahoma,22,40,24,Duke,72,6,Win,34,2025,12,21,2025-12-21
71,2025-12-21,24,Duke,72,6,56,Oklahoma,22,40,Loss,-34,2025,12,21,2025-12-21
72,2025-12-21,47,Columbia,30,32,58,Clarion,65,9,Win,23,2025,12,21,2025-12-21
72,2025-12-21,58,Clarion,65,9,47,Columbia,30,32,Loss,-23,2025,12,21,2025-12-21
73,2025-12-21,22,Virginia,40,19,46,Bucknell,35,18,Win,1,2025,12,21,2025-12-21
73,2025-12-21,46,Bucknell,35,18,22,Virginia,40,19,Loss,-1,2025,12,21,2025-12-21
74,2025-12-21,46,Bucknell,35,31,43,Hofstra,69,7,Win,24,2025,12,21,2025-12-21
74,2025-12-21,43,Hofstra,69,7,46,Bucknell,35,31,Loss,-24,2025,12,21,2025-12-21
75,2025-12-21,46,Bucknell,35,50,51,Morgan State,77,0,Win,50,2025,12,21,2025-12-21
75,2025-12-21,51,Morgan State,77,0,46,Bucknell,35,50,Loss,-50,2025,12,21,2025-12-21
76,2025-12-21,33,Rider,41,24,47,Columbia,30,19,Win,5,2025,12,21,2025-12-21
76,2025-12-21,47,Columbia,30,19,33,Rider,41,24,Loss,-5,2025,12,21,2025-12-21
77,2025-12-21,33,Rider,41,34,58,Clarion,65,6,Win,28,2025,12,21,2025-12-21
77,2025-12-21,58,Clarion,65,6,33,Rider,41,34,Loss,-28,2025,12,21,2025-12-21
78,2025-12-21,54,George Mason,44,28,36,Buffalo,66,13,Win,15,2025,12,21,2025-12-21
78,2025-12-21,36,Buffalo,66,13,54,George Mason,44,28,Loss,-15,2025,12,21,2025-12-21
79,2025-12-21,57,SIU Edwardsville,46,36,24,Duke,72,7,Win,29,2025,12,21,2025-12-21
79,2025-12-21,24,Duke,72,7,57,SIU Edwardsville,46,36,Loss,-29,2025,12,21,2025-12-21
80,2025-12-21,5,Central Michigan,50,24,59,American,52,15,Win,9,2025,12,21,2025-12-21
80,2025-12-21,59,American,52,15,5,Central Michigan,50,24,Loss,-9,2025,12,21,2025-12-21
81,2025-12-21,5,Central Michigan,50,30,10,CSU Bakersfield,70,12,Win,18,2025,12,21,2025-12-21
81,2025-12-21,10,CSU Bakersfield,70,12,5,Central Michigan,50,30,Loss,-18,2025,12,21,2025-12-21
82,2025-12-21,6,Ohio,55,28,60,Gardner-Webb,67,15,Win,13,2025,12,21,2025-12-21
82,2025-12-21,60,Gardner-Webb,67,15,6,Ohio,55,28,Loss,-13,2025,12,21,2025-12-21
83,2025-12-21,21,NC State,7,29,61,The Citadel,64,12,Win,17,2025,12,21,2025-12-21
83,2025-12-21,61,The Citadel,64,12,21,NC State,7,29,Loss,-17,2025,12,21,2025-12-21
84,2025-12-21,61,The Citadel,64,32,36,Buffalo,66,6,Win,26,2025,12,21,2025-12-21
84,2025-12-21,36,Buffalo,66,6,61,The Citadel,64,32,Loss,-26,2025,12,21,2025-12-21
85,2025-12-21,59,American,52,24,10,CSU Bakersfield,70,12,Win,12,2025,12,21,2025-12-21
85,2025-12-21,10,CSU Bakersfield,70,12,59,American,52,24,Loss,-12,2025,12,21,2025-12-21
55,2025-12-22,50,Pennsylvania,27,24,22,Virginia,40,16,Win,8,2025,12,22,2025-12-22
55,2025-12-22,22,Virginia,40,16,50,Pennsylvania,27,24,Loss,-8,2025,12,22,2025-12-22
54,2025-12-30,49,Northern Colorado,61,18,48,California Baptist,59,16,Win,2,2025,12,30,2025-12-30
54,2025-12-30,48,California Baptist,59,16,49,Northern Colorado,61,18,Loss,-2,2025,12,30,2025-12-30
50,2026-01-02,2,South Dakota State,20,24,29,Arizona State,29,14,Win,10,2026,1,2,2026-01-02
50,2026-01-02,29,Arizona State,29,14,2,South Dakota State,20,24,Loss,-10,2026,1,2,2026-01-02
51,2026-01-02,20,Purdue,32,24,33,Rider,41,6,Win,18,2026,1,2,2026-01-02
51,2026-01-02,33,Rider,41,6,20,Purdue,32,24,Loss,-18,2026,1,2,2026-01-02
52,2026-01-02,3,Drexel,42,19,20,Purdue,32,16,Win,3,2026,1,2,2026-01-02
52,2026-01-02,20,Purdue,32,16,3,Drexel,42,19,Loss,-3,2026,1,2,2026-01-02
53,2026-01-02,6,Ohio,55,37,8,Bloomsburg,68,3,Win,34,2026,1,2,2026-01-02
53,2026-01-02,8,Bloomsburg,68,3,6,Ohio,55,37,Loss,-34,2026,1,2,2026-01-02
48,2026-01-03,19,Nebraska,3,30,1,Northern Iowa,14,6,Win,24,2026,1,3,2026-01-03
48,2026-01-03,1,Northern Iowa,14,6,19,Nebraska,3,30,Loss,-24,2026,1,3,2026-01-03
49,2026-01-03,47,Columbia,30,35,45,LIU,73,12,Win,23,2026,1,3,2026-01-03
49,2026-01-03,45,LIU,73,12,47,Columbia,30,35,Loss,-23,2026,1,3,2026-01-03
41,2026-01-04,39,Iowa State,6,20,23,Stanford,11,18,Win,2,2026,1,4,2026-01-04
41,2026-01-04,23,Stanford,11,18,39,Iowa State,6,20,Loss,-2,2026,1,4,2026-01-04
42,2026-01-04,41,Ohio State,4,41,40,Oregon State,24,3,Win,38,2026,1,4,2026-01-04
42,2026-01-04,40,Oregon State,24,3,41,Ohio State,4,41,Loss,-38,2026,1,4,2026-01-04
43,2026-01-04,42,Princeton,34,36,43,Hofstra,69,6,Win,30,2026,1,4,2026-01-04
43,2026-01-04,43,Hofstra,69,6,42,Princeton,34,36,Loss,-30,2026,1,4,2026-01-04
44,2026-01-04,44,Lock Haven,39,28,42,Princeton,34,6,Win,22,2026,1,4,2026-01-04
44,2026-01-04,42,Princeton,34,6,44,Lock Haven,39,28,Loss,-22,2026,1,4,2026-01-04
45,2026-01-04,44,Lock Haven,39,27,35,Binghamton,60,9,Win,18,2026,1,4,2026-01-04
45,2026-01-04,35,Binghamton,60,9,44,Lock Haven,39,27,Loss,-18,2026,1,4,2026-01-04
46,2026-01-04,35,Binghamton,60,20,43,Hofstra,69,17,Win,3,2026,1,4,2026-01-04
46,2026-01-04,43,Hofstra,69,17,35,Binghamton,60,20,Loss,-3,2026,1,4,2026-01-04
47,2026-01-04,46,Bucknell,35,39,45,LIU,73,3,Win,36,2026,1,4,2026-01-04
47,2026-01-04,45,LIU,73,3,46,Bucknell,35,39,Loss,-36,2026,1,4,2026-01-04
40,2026-01-06,39,Iowa State,6,29,29,Arizona State,29,14,Win,15,2026,1,6,2026-01-06
40,2026-01-06,29,Arizona State,29,14,39,Iowa State,6,29,Loss,-15,2026,1,6,2026-01-06
37,2026-01-08,33,Rider,41,28,34,Kent State,62,10,Win,18,2026,1,8,2026-01-08
37,2026-01-08,34,Kent State,62,10,33,Rider,41,28,Loss,-18,2026,1,8,2026-01-08
38,2026-01-08,35,Binghamton,60,26,36,Buffalo,66,7,Win,19,2026,1,8,2026-01-08
38,2026-01-08,36,Buffalo,66,7,35,Binghamton,60,26,Loss,-19,2026,1,8,2026-01-08
39,2026-01-08,38,Appalachian State,49,46,37,Presbyterian,78,4,Win,42,2026,1,8,2026-01-08
39,2026-01-08,37,Presbyterian,78,4,38,Appalachian State,49,46,Loss,-42,2026,1,8,2026-01-08
17,2026-01-09,3,Drexel,42,41,8,Bloomsburg,68,3,Win,38,2026,1,9,2026-01-09
17,2026-01-09,8,Bloomsburg,68,3,3,Drexel,42,41,Loss,-38,2026,1,9,2026-01-09
18,2026-01-09,2,South Dakota State,20,26,4,Northern Illinois,45,10,Win,16,2026,1,9,2026-01-09
18,2026-01-09,4,Northern Illinois,45,10,2,South Dakota State,20,26,Loss,-16,2026,1,9,2026-01-09
19,2026-01-09,4,Northern Illinois,45,20,5,Central Michigan,50,14,Win,6,2026,1,9,2026-01-09
19,2026-01-09,5,Central Michigan,50,14,4,Northern Illinois,45,20,Loss,-6,2026,1,9,2026-01-09
20,2026-01-09,5,Central Michigan,50,33,9,Campbell,74,6,Win,27,2026,1,9,2026-01-09
20,2026-01-09,9,Campbell,74,6,5,Central Michigan,50,33,Loss,-27,2026,1,9,2026-01-09
21,2026-01-09,2,South Dakota State,20,35,7,Harvard,51,3,Win,32,2026,1,9,2026-01-09
21,2026-01-09,7,Harvard,51,3,2,South Dakota State,20,35,Loss,-32,2026,1,9,2026-01-09
22,2026-01-09,4,Northern Illinois,45,22,7,Harvard,51,20,Win,2,2026,1,9,2026-01-09
22,2026-01-09,7,Harvard,51,20,4,Northern Illinois,45,22,Loss,-2,2026,1,9,2026-01-09
23,2026-01-09,7,Harvard,51,28,9,Campbell,74,17,Win,11,2026,1,9,2026-01-09
23,2026-01-09,9,Campbell,74,17,7,Harvard,51,28,Loss,-11,2026,1,9,2026-01-09
24,2026-01-09,1,Northern Iowa,14,43,6,Ohio,55,0,Win,43,2026,1,9,2026-01-09
24,2026-01-09,6,Ohio,55,0,1,Northern Iowa,14,43,Loss,-43,2026,1,9,2026-01-09
25,2026-01-09,3,Drexel,42,37,6,Ohio,55,6,Win,31,2026,1,9,2026-01-09
25,2026-01-09,6,Ohio,55,6,3,Drexel,42,37,Loss,-31,2026,1,9,2026-01-09
26,2026-01-09,1,Northern Iowa,14,44,10,CSU Bakersfield,70,0,Win,44,2026,1,9,2026-01-09
26,2026-01-09,10,CSU Bakersfield,70,0,1,Northern Iowa,14,44,Loss,-44,2026,1,9,2026-01-09
27,2026-01-09,6,Ohio,55,25,10,CSU Bakersfield,70,13,Win,12,2026,1,9,2026-01-09
27,2026-01-09,10,CSU Bakersfield,70,13,6,Ohio,55,25,Loss,-12,2026,1,9,2026-01-09
28,2026-01-09,10,CSU Bakersfield,70,24,8,Bloomsburg,68,16,Win,8,2026,1,9,2026-01-09
28,2026-01-09,8,Bloomsburg,68,16,10,CSU Bakersfield,70,24,Loss,-8,2026,1,9,2026-01-09
29,2026-01-09,17,Iowa,2,23,18,Wisconsin,31,12,Win,11,2026,1,9,2026-01-09
29,2026-01-09,18,Wisconsin,31,12,17,Iowa,2,23,Loss,-11,2026,1,9,2026-01-09
30,2026-01-09,19,Nebraska,3,36,20,Purdue,32,3,Win,33,2026,1,9,2026-01-09
30,2026-01-09,20,Purdue,32,3,19,Nebraska,3,36,Loss,-33,2026,1,9,2026-01-09
31,2026-01-09,21,NC State,7,19,22,Virginia,40,17,Win,2,2026,1,9,2026-01-09
31,2026-01-09,22,Virginia,40,17,21,NC State,7,19,Loss,-2,2026,1,9,2026-01-09
32,2026-01-09,23,Stanford,11,35,24,Duke,72,10,Win,25,2026,1,9,2026-01-09
32,2026-01-09,24,Duke,72,10,23,Stanford,11,35,Loss,-25,2026,1,9,2026-01-09
33,2026-01-09,25,Michigan,12,43,26,Michigan State,56,3,Win,40,2026,1,9,2026-01-09
33,2026-01-09,26,Michigan State,56,3,25,Michigan,12,43,Loss,-40,2026,1,9,2026-01-09
34,2026-01-09,28,Virginia Tech,13,18,27,Pittsburgh,19,15,Win,3,2026,1,9,2026-01-09
34,2026-01-09,27,Pittsburgh,19,15,28,Virginia Tech,13,18,Loss,-3,2026,1,9,2026-01-09
35,2026-01-09,30,West Virginia,17,20,29,Arizona State,29,19,Win,1,2026,1,9,2026-01-09
35,2026-01-09,29,Arizona State,29,19,30,West Virginia,17,20,Loss,-1,2026,1,9,2026-01-09
36,2026-01-09,31,Northwestern,38,27,32,Maryland,43,12,Win,15,2026,1,9,2026-01-09
36,2026-01-09,32,Maryland,43,12,31,Northwestern,38,27,Loss,-15,2026,1,9,2026-01-09
1,2026-01-10,1,Northern Iowa,14,20,2,South Dakota State,20,14,Win,6,2026,1,10,2026-01-10
1,2026-01-10,2,South Dakota State,20,14,1,Northern Iowa,14,20,Loss,-6,2026,1,10,2026-01-10
2,2026-01-10,1,Northern Iowa,14,22,3,Drexel,42,16,Win,6,2026,1,10,2026-01-10
2,2026-01-10,3,Drexel,42,16,1,Northern Iowa,14,22,Loss,-6,2026,1,10,2026-01-10
3,2026-01-10,3,Drexel,42,21,4,Northern Illinois,45,12,Win,9,2026,1,10,2026-01-10
3,2026-01-10,4,Northern Illinois,45,12,3,Drexel,42,21,Loss,-9,2026,1,10,2026-01-10
4,2026-01-10,2,South Dakota State,20,28,5,Central Michigan,50,10,Win,18,2026,1,10,2026-01-10
4,2026-01-10,5,Central Michigan,50,10,2,South Dakota State,20,28,Loss,-18,2026,1,10,2026-01-10
5,2026-01-10,5,Central Michigan,50,23,6,Ohio,55,15,Win,8,2026,1,10,2026-01-10
5,2026-01-10,6,Ohio,55,15,5,Central Michigan,50,23,Loss,-8,2026,1,10,2026-01-10
6,2026-01-10,5,Central Michigan,50,26,7,Harvard,51,10,Win,16,2026,1,10,2026-01-10
6,2026-01-10,7,Harvard,51,10,5,Central Michigan,50,26,Loss,-16,2026,1,10,2026-01-10
7,2026-01-10,6,Ohio,55,31,8,Bloomsburg,68,13,Win,18,2026,1,10,2026-01-10
7,2026-01-10,8,Bloomsburg,68,13,6,Ohio,55,31,Loss,-18,2026,1,10,2026-01-10
8,2026-01-10,1,Northern Iowa,14,42,8,Bloomsburg,68,6,Win,36,2026,1,10,2026-01-10
8,2026-01-10,8,Bloomsburg,68,6,1,Northern Iowa,14,42,Loss,-36,2026,1,10,2026-01-10
9,2026-01-10,8,Bloomsburg,68,30,9,Campbell,74,17,Win,13,2026,1,10,2026-01-10
9,2026-01-10,9,Campbell,74,17,8,Bloomsburg,68,30,Loss,-13,2026,1,10,2026-01-10
10,2026-01-10,3,Drexel,42,36,10,CSU Bakersfield,70,6,Win,30,2026,1,10,2026-01-10
10,2026-01-10,10,CSU Bakersfield,70,6,3,Drexel,42,36,Loss,-30,2026,1,10,2026-01-10
11,2026-01-10,7,Harvard,51,35,10,CSU Bakersfield,70,7,Win,28,2026,1,10,2026-01-10
11,2026-01-10,10,CSU Bakersfield,70,7,7,Harvard,51,35,Loss,-28,2026,1,10,2026-01-10
12,2026-01-10,2,South Dakota State,20,43,9,Campbell,74,3,Win,40,2026,1,10,2026-01-10
12,2026-01-10,9,Campbell,74,3,2,South Dakota State,20,43,Loss,-40,2026,1,10,2026-01-10
13,2026-01-10,4,Northern Illinois,45,53,9,Campbell,74,0,Win,53,2026,1,10,2026-01-10
13,2026-01-10,9,Campbell,74,0,4,Northern Illinois,45,53,Loss,-53,2026,1,10,2026-01-10
14,2026-01-10,11,Penn State,1,46,12,Rutgers,16,0,Win,46,2026,1,10,2026-01-10
14,2026-01-10,12,Rutgers,16,0,11,Penn State,1,46,Loss,-46,2026,1,10,2026-01-10
15,2026-01-10,14,Minnesota,8,27,13,Illinois,10,9,Win,18,2026,1,10,2026-01-10
15,2026-01-10,13,Illinois,10,9,14,Minnesota,8,27,Loss,-18,2026,1,10,2026-01-10
16,2026-01-10,15,Lehigh,18,20,16,Cornell,9,17,Win,3,2026,1,10,2026-01-10
16,2026-01-10,16,Cornell,9,17,15,Lehigh,18,20,Loss,-3,2026,1,10,2026-01-10
285,2026-01-10,76,Wyoming,26,29,70,Utah Valley,36,6,Win,23,2026,1,10,2026-01-10
285,2026-01-10,70,Utah Valley,36,6,76,Wyoming,26,29,Loss,-23,2026,1,10,2026-01-10
286,2026-01-10,16,Cornell,9,26,46,Bucknell,35,9,Win,17,2026,1,10,2026-01-10
286,2026-01-10,46,Bucknell,35,9,16,Cornell,9,26,Loss,-17,2026,1,10,2026-01-10
287,2026-01-10,57,SIU Edwardsville,46,23,53,Little Rock,37,16,Win,7,2026,1,10,2026-01-10
287,2026-01-10,53,Little Rock,37,16,57,SIU Edwardsville,46,23,Loss,-7,2026,1,10,2026-01-10
288,2026-01-10,57,SIU Edwardsville,46,27,63,Edinboro,48,6,Win,21,2026,1,10,2026-01-10
288,2026-01-10,63,Edinboro,48,6,57,SIU Edwardsville,46,27,Loss,-21,2026,1,10,2026-01-10
289,2026-01-10,64,Cal Poly,47,28,24,Duke,72,16,Win,12,2026,1,10,2026-01-10
289,2026-01-10,24,Duke,72,16,64,Cal Poly,47,28,Loss,-12,2026,1,10,2026-01-10
290,2026-01-10,53,Little Rock,37,23,63,Edinboro,48,16,Win,7,2026,1,10,2026-01-10
290,2026-01-10,63,Edinboro,48,16,53,Little Rock,37,23,Loss,-7,2026,1,10,2026-01-10
291,2026-01-11,18,Wisconsin,31,28,32,Maryland,43,13,Win,15,2026,1,11,2026-01-11
291,2026-01-11,32,Maryland,43,13,18,Wisconsin,31,28,Loss,-15,2026,1,11,2026-01-11
292,2026-01-11,41,Ohio State,3,45,74,Indiana,28,0,Win,45,2026,1,11,2026-01-11
292,2026-01-11,74,Indiana,28,0,41,Ohio State,3,45,Loss,-45,2026,1,11,2026-01-11
293,2026-01-11,52,Oklahoma State,5,37,56,Oklahoma,25,0,Win,37,2026,1,11,2026-01-11
293,2026-01-11,56,Oklahoma,25,0,52,Oklahoma State,5,37,Loss,-37,2026,1,11,2026-01-11
294,2026-01-11,15,Lehigh,14,32,59,American,45,7,Win,25,2026,1,11,2026-01-11
294,2026-01-11,59,American,45,7,15,Lehigh,14,32,Loss,-25,2026,1,11,2026-01-11
295,2026-01-11,39,Iowa State,6,36,62,North Dakota State,38,3,Win,33,2026,1,11,2026-01-11
295,2026-01-11,62,North Dakota State,38,3,39,Iowa State,6,36,Loss,-33,2026,1,11,2026-01-11
296,2026-01-11,50,Pennsylvania,27,25,49,Northern Colorado,57,10,Win,15,2026,1,11,2026-01-11
296,2026-01-11,49,Northern Colorado,57,10,50,Pennsylvania,27,25,Loss,-15,2026,1,11,2026-01-11
297,2026-01-11,30,West Virginia,16,29,48,California Baptist,60,10,Win,19,2026,1,11,2026-01-11
297,2026-01-11,48,California Baptist,60,10,30,West Virginia,16,29,Loss,-19,2026,1,11,2026-01-11
350,2026-01-15,73,Missouri,14,22,29,Arizona State,21,17,Win,5,2026,1,15,2026-01-15
350,2026-01-15,29,Arizona State,21,17,73,Missouri,14,22,Loss,-5,2026,1,15,2026-01-15
351,2026-01-15,38,Appalachian State,49,40,66,VMI,74,3,Win,37,2026,1,15,2026-01-15
351,2026-01-15,66,VMI,74,3,38,Appalachian State,49,40,Loss,-37,2026,1,15,2026-01-15
320,2026-01-16,46,Bucknell,32,24,78,Brown,60,16,Win,8,2026,1,16,2026-01-16
320,2026-01-16,78,Brown,60,16,46,Bucknell,32,24,Loss,-8,2026,1,16,2026-01-16
321,2026-01-16,44,Lock Haven,36,29,78,Brown,60,12,Win,17,2026,1,16,2026-01-16
321,2026-01-16,78,Brown,60,12,44,Lock Haven,36,29,Loss,-17,2026,1,16,2026-01-16
322,2026-01-16,44,Lock Haven,36,53,37,Presbyterian,78,0,Win,53,2026,1,16,2026-01-16
322,2026-01-16,37,Presbyterian,78,0,44,Lock Haven,36,53,Loss,-53,2026,1,16,2026-01-16
323,2026-01-16,78,Brown,60,40,37,Presbyterian,78,10,Win,30,2026,1,16,2026-01-16
323,2026-01-16,37,Presbyterian,78,10,78,Brown,60,40,Loss,-30,2026,1,16,2026-01-16
324,2026-01-16,11,Penn State,1,32,17,Iowa,6,3,Win,29,2026,1,16,2026-01-16
324,2026-01-16,17,Iowa,6,3,11,Penn State,1,32,Loss,-29,2026,1,16,2026-01-16
325,2026-01-16,16,Cornell,7,25,75,Army West Point,30,13,Win,12,2026,1,16,2026-01-16
325,2026-01-16,75,Army West Point,30,13,16,Cornell,7,25,Loss,-12,2026,1,16,2026-01-16
326,2026-01-16,21,NC State,8,21,23,Stanford,20,20,Win,1,2026,1,16,2026-01-16
326,2026-01-16,23,Stanford,20,20,21,NC State,8,21,Loss,-1,2026,1,16,2026-01-16
327,2026-01-16,19,Nebraska,3,20,14,Minnesota,9,12,Win,8,2026,1,16,2026-01-16
327,2026-01-16,14,Minnesota,9,12,19,Nebraska,3,20,Loss,-8,2026,1,16,2026-01-16
328,2026-01-16,28,Virginia Tech,11,39,38,Appalachian State,49,0,Win,39,2026,1,16,2026-01-16
328,2026-01-16,38,Appalachian State,49,0,28,Virginia Tech,11,39,Loss,-39,2026,1,16,2026-01-16
329,2026-01-16,25,Michigan,12,21,12,Rutgers,16,12,Win,9,2026,1,16,2026-01-16
329,2026-01-16,12,Rutgers,16,12,25,Michigan,12,21,Loss,-9,2026,1,16,2026-01-16
330,2026-01-16,27,Pittsburgh,18,17,30,West Virginia,15,15,Win,2,2026,1,16,2026-01-16
330,2026-01-16,30,West Virginia,15,15,27,Pittsburgh,18,17,Loss,-2,2026,1,16,2026-01-16
331,2026-01-16,40,Oregon State,24,39,10,CSU Bakersfield,72,6,Win,33,2026,1,16,2026-01-16
331,2026-01-16,10,CSU Bakersfield,72,6,40,Oregon State,24,39,Loss,-33,2026,1,16,2026-01-16
332,2026-01-16,56,Oklahoma,26,38,71,Air Force,56,4,Win,34,2026,1,16,2026-01-16
332,2026-01-16,71,Air Force,56,4,56,Oklahoma,26,38,Loss,-34,2026,1,16,2026-01-16
333,2026-01-16,18,Wisconsin,28,28,31,Northwestern,39,12,Win,16,2026,1,16,2026-01-16
333,2026-01-16,31,Northwestern,39,12,18,Wisconsin,28,28,Loss,-16,2026,1,16,2026-01-16
334,2026-01-16,47,Columbia,31,44,51,Morgan State,76,4,Win,40,2026,1,16,2026-01-16
334,2026-01-16,51,Morgan State,76,4,47,Columbia,31,44,Loss,-40,2026,1,16,2026-01-16
335,2026-01-16,62,North Dakota State,40,20,46,Bucknell,32,19,Win,1,2026,1,16,2026-01-16
335,2026-01-16,46,Bucknell,32,19,62,North Dakota State,40,20,Loss,-1,2026,1,16,2026-01-16
336,2026-01-16,2,South Dakota State,19,19,70,Utah Valley,35,16,Win,3,2026,1,16,2026-01-16
336,2026-01-16,70,Utah Valley,35,16,2,South Dakota State,19,19,Loss,-3,2026,1,16,2026-01-16
337,2026-01-16,44,Lock Haven,36,18,62,North Dakota State,40,15,Win,3,2026,1,16,2026-01-16
337,2026-01-16,62,North Dakota State,40,15,44,Lock Haven,36,18,Loss,-3,2026,1,16,2026-01-16
338,2026-01-16,55,North Carolina,25,25,22,Virginia,41,10,Win,15,2026,1,16,2026-01-16
338,2026-01-16,22,Virginia,41,10,55,North Carolina,25,25,Loss,-15,2026,1,16,2026-01-16
339,2026-01-16,4,Northern Illinois,44,19,5,Central Michigan,46,14,Win,5,2026,1,16,2026-01-16
339,2026-01-16,5,Central Michigan,46,14,4,Northern Illinois,44,19,Loss,-5,2026,1,16,2026-01-16
340,2026-01-16,20,Purdue,37,28,32,Maryland,48,11,Win,17,2026,1,16,2026-01-16
340,2026-01-16,32,Maryland,48,11,20,Purdue,37,28,Loss,-17,2026,1,16,2026-01-16
341,2026-01-16,59,American,50,38,45,LIU,70,7,Win,31,2026,1,16,2026-01-16
341,2026-01-16,45,LIU,70,7,59,American,50,38,Loss,-31,2026,1,16,2026-01-16
342,2026-01-16,13,Illinois,10,31,26,Michigan State,53,12,Win,19,2026,1,16,2026-01-16
342,2026-01-16,26,Michigan State,53,12,13,Illinois,10,31,Loss,-19,2026,1,16,2026-01-16
343,2026-01-16,3,Drexel,42,24,35,Binghamton,55,12,Win,12,2026,1,16,2026-01-16
343,2026-01-16,35,Binghamton,55,12,3,Drexel,42,24,Loss,-12,2026,1,16,2026-01-16
344,2026-01-16,57,SIU Edwardsville,43,25,6,Ohio,63,11,Win,14,2026,1,16,2026-01-16
344,2026-01-16,6,Ohio,63,11,57,SIU Edwardsville,43,25,Loss,-14,2026,1,16,2026-01-16
345,2026-01-16,58,Clarion,64,21,36,Buffalo,65,16,Win,5,2026,1,16,2026-01-16
345,2026-01-16,36,Buffalo,65,16,58,Clarion,64,21,Loss,-5,2026,1,16,2026-01-16
346,2026-01-16,54,George Mason,54,39,8,Bloomsburg,68,6,Win,33,2026,1,16,2026-01-16
346,2026-01-16,8,Bloomsburg,68,6,54,George Mason,54,39,Loss,-33,2026,1,16,2026-01-16
347,2026-01-16,69,Chattanooga,62,30,60,Gardner-Webb,69,10,Win,20,2026,1,16,2026-01-16
347,2026-01-16,60,Gardner-Webb,69,10,69,Chattanooga,62,30,Loss,-20,2026,1,16,2026-01-16
348,2026-01-16,46,Bucknell,32,39,65,Davidson,77,3,Win,36,2026,1,16,2026-01-16
348,2026-01-16,65,Davidson,77,3,46,Bucknell,32,39,Loss,-36,2026,1,16,2026-01-16
349,2026-01-16,62,North Dakota State,40,45,65,Davidson,77,0,Win,45,2026,1,16,2026-01-16
349,2026-01-16,65,Davidson,77,0,62,North Dakota State,40,45,Loss,-45,2026,1,16,2026-01-16
315,2026-01-17,15,Lehigh,13,20,68,Navy,23,15,Win,5,2026,1,17,2026-01-17
315,2026-01-17,68,Navy,23,15,15,Lehigh,13,20,Loss,-5,2026,1,17,2026-01-17
316,2026-01-17,73,Missouri,14,31,70,Utah Valley,35,9,Win,22,2026,1,17,2026-01-17
316,2026-01-17,70,Utah Valley,35,9,73,Missouri,14,31,Loss,-22,2026,1,17,2026-01-17
317,2026-01-17,33,Rider,38,31,61,The Citadel,66,9,Win,22,2026,1,17,2026-01-17
317,2026-01-17,61,The Citadel,66,9,33,Rider,38,31,Loss,-22,2026,1,17,2026-01-17
318,2026-01-17,33,Rider,38,42,9,Campbell,71,3,Win,39,2026,1,17,2026-01-17
318,2026-01-17,9,Campbell,71,3,33,Rider,38,42,Loss,-39,2026,1,17,2026-01-17
319,2026-01-17,61,The Citadel,66,26,9,Campbell,71,9,Win,17,2026,1,17,2026-01-17
319,2026-01-17,9,Campbell,71,9,61,The Citadel,66,26,Loss,-17,2026,1,17,2026-01-17
298,2026-01-18,40,Oregon State,24,24,64,Cal Poly,45,12,Win,12,2026,1,18,2026-01-18
298,2026-01-18,64,Cal Poly,45,12,40,Oregon State,24,24,Loss,-12,2026,1,18,2026-01-18
299,2026-01-18,77,Bellarmine,51,50,37,Presbyterian,78,3,Win,47,2026,1,18,2026-01-18
299,2026-01-18,37,Presbyterian,78,3,77,Bellarmine,51,50,Loss,-47,2026,1,18,2026-01-18
300,2026-01-18,67,Sacred Heart,75,37,37,Presbyterian,78,8,Win,29,2026,1,18,2026-01-18
300,2026-01-18,37,Presbyterian,78,8,67,Sacred Heart,75,37,Loss,-29,2026,1,18,2026-01-18
301,2026-01-18,25,Michigan,12,18,13,Illinois,10,14,Win,4,2026,1,18,2026-01-18
301,2026-01-18,13,Illinois,10,14,25,Michigan,12,18,Loss,-4,2026,1,18,2026-01-18
302,2026-01-18,30,West Virginia,15,19,56,Oklahoma,26,17,Win,2,2026,1,18,2026-01-18
302,2026-01-18,56,Oklahoma,26,17,30,West Virginia,15,19,Loss,-2,2026,1,18,2026-01-18
303,2026-01-18,12,Rutgers,16,24,20,Purdue,37,9,Win,15,2026,1,18,2026-01-18
303,2026-01-18,20,Purdue,37,9,12,Rutgers,16,24,Loss,-15,2026,1,18,2026-01-18
304,2026-01-18,76,Wyoming,22,24,2,South Dakota State,19,18,Win,6,2026,1,18,2026-01-18
304,2026-01-18,2,South Dakota State,19,18,76,Wyoming,22,24,Loss,-6,2026,1,18,2026-01-18
305,2026-01-18,68,Navy,23,30,54,George Mason,54,9,Win,21,2026,1,18,2026-01-18
305,2026-01-18,54,George Mason,54,9,68,Navy,23,30,Loss,-21,2026,1,18,2026-01-18
306,2026-01-18,74,Indiana,29,26,32,Maryland,48,12,Win,14,2026,1,18,2026-01-18
306,2026-01-18,32,Maryland,48,12,74,Indiana,29,26,Loss,-14,2026,1,18,2026-01-18
307,2026-01-18,75,Army West Point,30,22,59,American,50,17,Win,5,2026,1,18,2026-01-18
307,2026-01-18,59,American,50,17,75,Army West Point,30,22,Loss,-5,2026,1,18,2026-01-18
308,2026-01-18,15,Lehigh,13,30,42,Princeton,33,9,Win,21,2026,1,18,2026-01-18
308,2026-01-18,42,Princeton,33,9,15,Lehigh,13,30,Loss,-21,2026,1,18,2026-01-18
309,2026-01-18,11,Penn State,1,51,31,Northwestern,39,0,Win,51,2026,1,18,2026-01-18
309,2026-01-18,31,Northwestern,39,0,11,Penn State,1,51,Loss,-51,2026,1,18,2026-01-18
310,2026-01-18,77,Bellarmine,51,40,67,Sacred Heart,75,3,Win,37,2026,1,18,2026-01-18
310,2026-01-18,67,Sacred Heart,75,3,77,Bellarmine,51,40,Loss,-37,2026,1,18,2026-01-18
311,2026-01-18,35,Binghamton,55,23,72,Franklin & Marshall,61,14,Win,9,2026,1,18,2026-01-18
311,2026-01-18,72,Franklin & Marshall,61,14,35,Binghamton,55,23,Loss,-9,2026,1,18,2026-01-18
312,2026-01-18,29,Arizona State,21,27,49,Northern Colorado,57,16,Win,11,2026,1,18,2026-01-18
312,2026-01-18,49,Northern Colorado,57,16,29,Arizona State,21,27,Loss,-11,2026,1,18,2026-01-18
313,2026-01-18,21,NC State,8,43,10,CSU Bakersfield,72,3,Win,40,2026,1,18,2026-01-18
313,2026-01-18,10,CSU Bakersfield,72,3,21,NC State,8,43,Loss,-40,2026,1,18,2026-01-18
314,2026-01-18,27,Pittsburgh,18,40,24,Duke,73,0,Win,40,2026,1,18,2026-01-18
314,2026-01-18,24,Duke,73,0,27,Pittsburgh,18,40,Loss,-40,2026,1,18,2026-01-18
393,2026-01-22,1,Northern Iowa,21,27,29,Arizona State,24,11,Win,16,2026,1,22,2026-01-22
393,2026-01-22,29,Arizona State,24,11,1,Northern Iowa,21,27,Loss,-16,2026,1,22,2026-01-22
394,2026-01-22,61,The Citadel,62,46,37,Presbyterian,78,5,Win,41,2026,1,22,2026-01-22
394,2026-01-22,37,Presbyterian,78,5,61,The Citadel,62,46,Loss,-41,2026,1,22,2026-01-22
372,2026-01-23,11,Penn State,1,48,74,Indiana,29,0,Win,48,2026,1,23,2026-01-23
372,2026-01-23,74,Indiana,29,0,11,Penn State,1,48,Loss,-48,2026,1,23,2026-01-23
373,2026-01-23,17,Iowa,5,22,19,Nebraska,4,14,Win,8,2026,1,23,2026-01-23
373,2026-01-23,19,Nebraska,4,14,17,Iowa,5,22,Loss,-8,2026,1,23,2026-01-23
374,2026-01-23,39,Iowa State,6,42,49,Northern Colorado,63,0,Win,42,2026,1,23,2026-01-23
374,2026-01-23,49,Northern Colorado,63,0,39,Iowa State,6,42,Loss,-42,2026,1,23,2026-01-23
375,2026-01-23,28,Virginia Tech,7,22,23,Stanford,18,14,Win,8,2026,1,23,2026-01-23
375,2026-01-23,23,Stanford,18,14,28,Virginia Tech,7,22,Loss,-8,2026,1,23,2026-01-23
376,2026-01-23,41,Ohio State,2,29,14,Minnesota,10,9,Win,20,2026,1,23,2026-01-23
376,2026-01-23,14,Minnesota,10,9,41,Ohio State,2,29,Loss,-20,2026,1,23,2026-01-23
377,2026-01-23,21,NC State,11,24,55,North Carolina,23,10,Win,14,2026,1,23,2026-01-23
377,2026-01-23,55,North Carolina,23,10,21,NC State,11,24,Loss,-14,2026,1,23,2026-01-23
378,2026-01-23,52,Oklahoma State,3,33,73,Missouri,14,3,Win,30,2026,1,23,2026-01-23
378,2026-01-23,73,Missouri,14,3,52,Oklahoma State,3,33,Loss,-30,2026,1,23,2026-01-23
379,2026-01-23,2,South Dakota State,19,36,48,California Baptist,66,3,Win,33,2026,1,23,2026-01-23
379,2026-01-23,48,California Baptist,66,3,2,South Dakota State,19,36,Loss,-33,2026,1,23,2026-01-23
380,2026-01-23,40,Oregon State,26,29,53,Little Rock,33,10,Win,19,2026,1,23,2026-01-23
380,2026-01-23,53,Little Rock,33,10,40,Oregon State,26,29,Loss,-19,2026,1,23,2026-01-23
381,2026-01-23,20,Purdue,36,27,26,Michigan State,58,9,Win,18,2026,1,23,2026-01-23
381,2026-01-23,26,Michigan State,58,9,20,Purdue,36,27,Loss,-18,2026,1,23,2026-01-23
382,2026-01-23,47,Columbia,28,36,42,Princeton,38,3,Win,33,2026,1,23,2026-01-23
382,2026-01-23,42,Princeton,38,3,47,Columbia,28,36,Loss,-33,2026,1,23,2026-01-23
383,2026-01-23,12,Rutgers,16,30,31,Northwestern,39,10,Win,20,2026,1,23,2026-01-23
383,2026-01-23,31,Northwestern,39,10,12,Rutgers,16,30,Loss,-20,2026,1,23,2026-01-23
384,2026-01-23,4,Northern Illinois,48,19,34,Kent State,56,17,Win,2,2026,1,23,2026-01-23
384,2026-01-23,34,Kent State,56,17,4,Northern Illinois,48,19,Loss,-2,2026,1,23,2026-01-23
385,2026-01-23,4,Northern Illinois,48,20,6,Ohio,65,17,Win,3,2026,1,23,2026-01-23
385,2026-01-23,6,Ohio,65,17,4,Northern Illinois,48,20,Loss,-3,2026,1,23,2026-01-23
386,2026-01-23,63,Edinboro,53,26,54,George Mason,51,13,Win,13,2026,1,23,2026-01-23
386,2026-01-23,54,George Mason,51,13,63,Edinboro,53,26,Loss,-13,2026,1,23,2026-01-23
387,2026-01-23,69,Chattanooga,64,43,65,Davidson,71,3,Win,40,2026,1,23,2026-01-23
387,2026-01-23,65,Davidson,71,3,69,Chattanooga,64,43,Loss,-40,2026,1,23,2026-01-23
388,2026-01-23,58,Clarion,59,30,60,Gardner-Webb,67,11,Win,19,2026,1,23,2026-01-23
388,2026-01-23,60,Gardner-Webb,67,11,58,Clarion,59,30,Loss,-19,2026,1,23,2026-01-23
389,2026-01-23,68,Navy,20,31,8,Bloomsburg,69,10,Win,21,2026,1,23,2026-01-23
389,2026-01-23,8,Bloomsburg,69,10,68,Navy,20,31,Loss,-21,2026,1,23,2026-01-23
390,2026-01-23,58,Clarion,59,29,9,Campbell,70,12,Win,17,2026,1,23,2026-01-23
390,2026-01-23,9,Campbell,70,12,58,Clarion,59,29,Loss,-17,2026,1,23,2026-01-23
391,2026-01-23,60,Gardner-Webb,67,25,9,Campbell,70,17,Win,8,2026,1,23,2026-01-23
391,2026-01-23,9,Campbell,70,17,60,Gardner-Webb,67,25,Loss,-8,2026,1,23,2026-01-23
392,2026-01-23,77,Bellarmine,46,35,66,VMI,76,10,Win,25,2026,1,23,2026-01-23
392,2026-01-23,66,VMI,76,10,77,Bellarmine,46,35,Loss,-25,2026,1,23,2026-01-23
357,2026-01-24,23,Stanford,18,31,22,Virginia,40,9,Win,22,2026,1,24,2026-01-24
357,2026-01-24,22,Virginia,40,9,23,Stanford,18,31,Loss,-22,2026,1,24,2026-01-24
358,2026-01-24,13,Illinois,8,17,12,Rutgers,16,16,Win,1,2026,1,24,2026-01-24
358,2026-01-24,12,Rutgers,16,16,13,Illinois,8,17,Loss,-1,2026,1,24,2026-01-24
359,2026-01-24,16,Cornell,9,31,7,Harvard,49,11,Win,20,2026,1,24,2026-01-24
359,2026-01-24,7,Harvard,49,11,16,Cornell,9,31,Loss,-20,2026,1,24,2026-01-24
360,2026-01-24,16,Cornell,9,38,78,Brown,57,15,Win,23,2026,1,24,2026-01-24
360,2026-01-24,78,Brown,57,15,16,Cornell,9,38,Loss,-23,2026,1,24,2026-01-24
361,2026-01-24,30,West Virginia,15,21,76,Wyoming,22,15,Win,6,2026,1,24,2026-01-24
361,2026-01-24,76,Wyoming,22,15,30,West Virginia,15,21,Loss,-6,2026,1,24,2026-01-24
362,2026-01-24,75,Army West Point,30,23,46,Bucknell,31,12,Win,11,2026,1,24,2026-01-24
362,2026-01-24,46,Bucknell,31,12,75,Army West Point,30,23,Loss,-11,2026,1,24,2026-01-24
363,2026-01-24,47,Columbia,28,23,50,Pennsylvania,32,13,Win,10,2026,1,24,2026-01-24
363,2026-01-24,50,Pennsylvania,32,13,47,Columbia,28,23,Loss,-10,2026,1,24,2026-01-24
364,2026-01-24,33,Rider,41,20,42,Princeton,38,19,Win,1,2026,1,24,2026-01-24
364,2026-01-24,42,Princeton,38,19,33,Rider,41,20,Loss,-1,2026,1,24,2026-01-24
365,2026-01-24,33,Rider,41,28,63,Edinboro,53,14,Win,14,2026,1,24,2026-01-24
365,2026-01-24,63,Edinboro,53,14,33,Rider,41,28,Loss,-14,2026,1,24,2026-01-24
366,2026-01-24,57,SIU Edwardsville,43,31,34,Kent State,56,3,Win,28,2026,1,24,2026-01-24
366,2026-01-24,34,Kent State,56,3,57,SIU Edwardsville,43,31,Loss,-28,2026,1,24,2026-01-24
367,2026-01-24,68,Navy,20,34,59,American,47,3,Win,31,2026,1,24,2026-01-24
367,2026-01-24,59,American,47,3,68,Navy,20,34,Loss,-31,2026,1,24,2026-01-24
368,2026-01-24,11,Penn State,1,51,32,Maryland,52,0,Win,51,2026,1,24,2026-01-24
368,2026-01-24,32,Maryland,52,0,11,Penn State,1,51,Loss,-51,2026,1,24,2026-01-24
369,2026-01-24,7,Harvard,49,30,35,Binghamton,55,13,Win,17,2026,1,24,2026-01-24
369,2026-01-24,35,Binghamton,55,13,7,Harvard,49,30,Loss,-17,2026,1,24,2026-01-24
370,2026-01-24,35,Binghamton,55,21,78,Brown,57,20,Win,1,2026,1,24,2026-01-24
370,2026-01-24,78,Brown,57,20,35,Binghamton,55,21,Loss,-1,2026,1,24,2026-01-24
371,2026-01-24,72,Franklin & Marshall,60,21,67,Sacred Heart,75,16,Win,5,2026,1,24,2026-01-24
371,2026-01-24,67,Sacred Heart,75,16,72,Franklin & Marshall,60,21,Loss,-5,2026,1,24,2026-01-24
352,2026-01-25,41,Ohio State,2,17,19,Nebraska,4,16,Win,1,2026,1,25,2026-01-25
352,2026-01-25,19,Nebraska,4,16,41,Ohio State,2,17,Loss,-1,2026,1,25,2026-01-25
353,2026-01-25,39,Iowa State,6,29,2,South Dakota State,19,7,Win,22,2026,1,25,2026-01-25
353,2026-01-25,2,South Dakota State,19,7,39,Iowa State,6,29,Loss,-22,2026,1,25,2026-01-25
354,2026-01-25,14,Minnesota,10,26,18,Wisconsin,27,10,Win,16,2026,1,25,2026-01-25
354,2026-01-25,18,Wisconsin,27,10,14,Minnesota,10,26,Loss,-16,2026,1,25,2026-01-25
355,2026-01-25,73,Missouri,14,42,49,Northern Colorado,63,0,Win,42,2026,1,25,2026-01-25
355,2026-01-25,49,Northern Colorado,63,0,73,Missouri,14,42,Loss,-42,2026,1,25,2026-01-25
356,2026-01-25,62,North Dakota State,37,31,48,California Baptist,66,7,Win,24,2026,1,25,2026-01-25
356,2026-01-25,48,California Baptist,66,7,62,North Dakota State,37,31,Loss,-24,2026,1,25,2026-01-25
395,2026-01-26,74,Indiana,29,32,26,Michigan State,58,13,Win,19,2026,1,26,2026-01-26
395,2026-01-26,26,Michigan State,58,13,74,Indiana,29,32,Loss,-19,2026,1,26,2026-01-26
430,2026-01-29,44,Lock Haven,34,19,46,Bucknell,31,15,Win,4,2026,1,29,2026-01-29
430,2026-01-29,46,Bucknell,31,15,44,Lock Haven,34,19,Loss,-4,2026,1,29,2026-01-29
431,2026-01-29,58,Clarion,59,29,8,Bloomsburg,69,11,Win,18,2026,1,29,2026-01-29
431,2026-01-29,8,Bloomsburg,69,11,58,Clarion,59,29,Loss,-18,2026,1,29,2026-01-29
432,2026-01-29,65,Davidson,71,24,60,Gardner-Webb,67,21,Win,3,2026,1,29,2026-01-29
432,2026-01-29,60,Gardner-Webb,67,21,65,Davidson,71,24,Loss,-3,2026,1,29,2026-01-29
411,2026-01-30,11,Penn State,1,27,19,Nebraska,4,12,Win,15,2026,1,30,2026-01-30
411,2026-01-30,19,Nebraska,4,12,11,Penn State,1,27,Loss,-15,2026,1,30,2026-01-30
412,2026-01-30,41,Ohio State,2,30,18,Wisconsin,27,10,Win,20,2026,1,30,2026-01-30
412,2026-01-30,18,Wisconsin,27,10,41,Ohio State,2,30,Loss,-20,2026,1,30,2026-01-30
413,2026-01-30,14,Minnesota,10,21,17,Iowa,5,16,Win,5,2026,1,30,2026-01-30
413,2026-01-30,17,Iowa,5,16,14,Minnesota,10,21,Loss,-5,2026,1,30,2026-01-30
414,2026-01-30,13,Illinois,8,27,74,Indiana,29,7,Win,20,2026,1,30,2026-01-30
414,2026-01-30,74,Indiana,29,7,13,Illinois,8,27,Loss,-20,2026,1,30,2026-01-30
415,2026-01-30,28,Virginia Tech,7,21,21,NC State,11,12,Win,9,2026,1,30,2026-01-30
415,2026-01-30,21,NC State,11,12,28,Virginia Tech,7,21,Loss,-9,2026,1,30,2026-01-30
416,2026-01-30,25,Michigan,13,38,31,Northwestern,39,4,Win,34,2026,1,30,2026-01-30
416,2026-01-30,31,Northwestern,39,4,25,Michigan,13,38,Loss,-34,2026,1,30,2026-01-30
417,2026-01-30,12,Rutgers,16,30,32,Maryland,52,9,Win,21,2026,1,30,2026-01-30
417,2026-01-30,32,Maryland,52,9,12,Rutgers,16,30,Loss,-21,2026,1,30,2026-01-30
418,2026-01-30,23,Stanford,18,43,64,Cal Poly,45,3,Win,40,2026,1,30,2026-01-30
418,2026-01-30,64,Cal Poly,45,3,23,Stanford,18,43,Loss,-40,2026,1,30,2026-01-30
419,2026-01-30,2,South Dakota State,19,37,71,Air Force,54,5,Win,32,2026,1,30,2026-01-30
419,2026-01-30,71,Air Force,54,5,2,South Dakota State,19,37,Loss,-32,2026,1,30,2026-01-30
420,2026-01-30,52,Oklahoma State,3,34,1,Northern Iowa,21,3,Win,31,2026,1,30,2026-01-30
420,2026-01-30,1,Northern Iowa,21,3,52,Oklahoma State,3,34,Loss,-31,2026,1,30,2026-01-30
421,2026-01-30,27,Pittsburgh,17,22,55,North Carolina,23,9,Win,13,2026,1,30,2026-01-30
421,2026-01-30,55,North Carolina,23,9,27,Pittsburgh,17,22,Loss,-13,2026,1,30,2026-01-30
422,2026-01-30,39,Iowa State,6,29,56,Oklahoma,25,10,Win,19,2026,1,30,2026-01-30
422,2026-01-30,56,Oklahoma,25,10,39,Iowa State,6,29,Loss,-19,2026,1,30,2026-01-30
423,2026-01-30,44,Lock Haven,34,28,4,Northern Illinois,48,8,Win,20,2026,1,30,2026-01-30
423,2026-01-30,4,Northern Illinois,48,8,44,Lock Haven,34,28,Loss,-20,2026,1,30,2026-01-30
424,2026-01-30,62,North Dakota State,37,30,49,Northern Colorado,63,11,Win,19,2026,1,30,2026-01-30
424,2026-01-30,49,Northern Colorado,63,11,62,North Dakota State,37,30,Loss,-19,2026,1,30,2026-01-30
425,2026-01-30,5,Central Michigan,44,23,6,Ohio,65,10,Win,13,2026,1,30,2026-01-30
425,2026-01-30,6,Ohio,65,10,5,Central Michigan,44,23,Loss,-13,2026,1,30,2026-01-30
426,2026-01-30,33,Rider,41,30,54,George Mason,51,13,Win,17,2026,1,30,2026-01-30
426,2026-01-30,54,George Mason,51,13,33,Rider,41,30,Loss,-17,2026,1,30,2026-01-30
427,2026-01-30,38,Appalachian State,50,29,9,Campbell,70,12,Win,17,2026,1,30,2026-01-30
427,2026-01-30,9,Campbell,70,12,38,Appalachian State,50,29,Loss,-17,2026,1,30,2026-01-30
428,2026-01-30,77,Bellarmine,46,38,65,Davidson,71,3,Win,35,2026,1,30,2026-01-30
428,2026-01-30,65,Davidson,71,3,77,Bellarmine,46,38,Loss,-35,2026,1,30,2026-01-30
429,2026-01-30,22,Virginia,40,28,24,Duke,73,9,Win,19,2026,1,30,2026-01-30
429,2026-01-30,24,Duke,73,9,22,Virginia,40,28,Loss,-19,2026,1,30,2026-01-30
396,2026-01-31,29,Arizona State,24,18,16,Cornell,9,17,Win,1,2026,1,31,2026-01-31
396,2026-01-31,16,Cornell,9,17,29,Arizona State,24,18,Loss,-1,2026,1,31,2026-01-31
397,2026-01-31,47,Columbia,28,22,16,Cornell,9,21,Win,1,2026,1,31,2026-01-31
397,2026-01-31,16,Cornell,9,21,47,Columbia,28,22,Loss,-1,2026,1,31,2026-01-31
398,2026-01-31,40,Oregon State,26,25,76,Wyoming,22,12,Win,13,2026,1,31,2026-01-31
398,2026-01-31,76,Wyoming,22,12,40,Oregon State,26,25,Loss,-13,2026,1,31,2026-01-31
399,2026-01-31,56,Oklahoma,25,23,1,Northern Iowa,21,18,Win,5,2026,1,31,2026-01-31
399,2026-01-31,1,Northern Iowa,21,18,56,Oklahoma,25,23,Loss,-5,2026,1,31,2026-01-31
400,2026-01-31,47,Columbia,28,24,29,Arizona State,24,16,Win,8,2026,1,31,2026-01-31
400,2026-01-31,29,Arizona State,24,16,47,Columbia,28,24,Loss,-8,2026,1,31,2026-01-31
401,2026-01-31,73,Missouri,14,33,53,Little Rock,33,9,Win,24,2026,1,31,2026-01-31
401,2026-01-31,53,Little Rock,33,9,73,Missouri,14,33,Loss,-24,2026,1,31,2026-01-31
402,2026-01-31,12,Rutgers,16,21,33,Rider,41,12,Win,9,2026,1,31,2026-01-31
402,2026-01-31,33,Rider,41,12,12,Rutgers,16,21,Loss,-9,2026,1,31,2026-01-31
403,2026-01-31,3,Drexel,42,30,72,Franklin & Marshall,60,11,Win,19,2026,1,31,2026-01-31
403,2026-01-31,72,Franklin & Marshall,60,11,3,Drexel,42,30,Loss,-19,2026,1,31,2026-01-31
404,2026-01-31,7,Harvard,49,19,42,Princeton,38,17,Win,2,2026,1,31,2026-01-31
404,2026-01-31,42,Princeton,38,17,7,Harvard,49,19,Loss,-2,2026,1,31,2026-01-31
405,2026-01-31,58,Clarion,59,19,34,Kent State,56,18,Win,1,2026,1,31,2026-01-31
405,2026-01-31,34,Kent State,56,18,58,Clarion,59,19,Loss,-1,2026,1,31,2026-01-31
406,2026-01-31,34,Kent State,56,29,45,LIU,72,9,Win,20,2026,1,31,2026-01-31
406,2026-01-31,45,LIU,72,9,34,Kent State,56,29,Loss,-20,2026,1,31,2026-01-31
407,2026-01-31,50,Pennsylvania,32,35,78,Brown,57,6,Win,29,2026,1,31,2026-01-31
407,2026-01-31,78,Brown,57,6,50,Pennsylvania,32,35,Loss,-29,2026,1,31,2026-01-31
408,2026-01-31,61,The Citadel,62,19,69,Chattanooga,64,18,Win,1,2026,1,31,2026-01-31
408,2026-01-31,69,Chattanooga,64,18,61,The Citadel,62,19,Loss,-1,2026,1,31,2026-01-31
409,2026-01-31,48,California Baptist,66,37,51,Morgan State,77,10,Win,27,2026,1,31,2026-01-31
409,2026-01-31,51,Morgan State,77,10,48,California Baptist,66,37,Loss,-27,2026,1,31,2026-01-31
410,2026-01-31,58,Clarion,59,28,45,LIU,72,6,Win,22,2026,1,31,2026-01-31
410,2026-01-31,45,LIU,72,6,58,Clarion,59,28,Loss,-22,2026,1,31,2026-01-31
533,2026-02-01,41,Ohio State,2,26,25,Michigan,9,16,Win,10,2026,2,1,2026-02-01
533,2026-02-01,25,Michigan,9,16,41,Ohio State,2,26,Loss,-10,2026,2,1,2026-02-01
534,2026-02-01,52,Oklahoma State,3,24,39,Iowa State,4,9,Win,15,2026,2,1,2026-02-01
534,2026-02-01,39,Iowa State,4,9,52,Oklahoma State,3,24,Loss,-15,2026,2,1,2026-02-01
535,2026-02-01,2,South Dakota State,20,31,49,Northern Colorado,63,10,Win,21,2026,2,1,2026-02-01
535,2026-02-01,49,Northern Colorado,63,10,2,South Dakota State,20,31,Loss,-21,2026,2,1,2026-02-01
536,2026-02-01,62,North Dakota State,29,23,71,Air Force,51,15,Win,8,2026,2,1,2026-02-01
536,2026-02-01,71,Air Force,51,15,62,North Dakota State,29,23,Loss,-8,2026,2,1,2026-02-01
537,2026-02-01,15,Lehigh,15,29,75,Army West Point,32,11,Win,18,2026,2,1,2026-02-01
537,2026-02-01,75,Army West Point,32,11,15,Lehigh,15,29,Loss,-18,2026,2,1,2026-02-01
538,2026-02-01,44,Lock Haven,36,27,54,George Mason,48,14,Win,13,2026,2,1,2026-02-01
538,2026-02-01,54,George Mason,48,14,44,Lock Haven,36,27,Loss,-13,2026,2,1,2026-02-01
539,2026-02-01,18,Wisconsin,28,30,20,Purdue,37,12,Win,18,2026,2,1,2026-02-01
539,2026-02-01,20,Purdue,37,12,18,Wisconsin,28,30,Loss,-18,2026,2,1,2026-02-01
540,2026-02-01,36,Buffalo,62,19,5,Central Michigan,42,14,Win,5,2026,2,1,2026-02-01
540,2026-02-01,5,Central Michigan,42,14,36,Buffalo,62,19,Loss,-5,2026,2,1,2026-02-01
541,2026-02-01,3,Drexel,43,26,43,Hofstra,70,13,Win,13,2026,2,1,2026-02-01
541,2026-02-01,43,Hofstra,70,13,3,Drexel,43,26,Loss,-13,2026,2,1,2026-02-01
542,2026-02-01,50,Pennsylvania,26,33,7,Harvard,50,4,Win,29,2026,2,1,2026-02-01
542,2026-02-01,7,Harvard,50,4,50,Pennsylvania,26,33,Loss,-29,2026,2,1,2026-02-01
543,2026-02-01,26,Michigan State,54,22,31,Northwestern,41,20,Win,2,2026,2,1,2026-02-01
543,2026-02-01,31,Northwestern,41,20,26,Michigan State,54,22,Loss,-2,2026,2,1,2026-02-01
544,2026-02-01,64,Cal Poly,57,37,51,Morgan State,77,15,Win,22,2026,2,1,2026-02-01
544,2026-02-01,51,Morgan State,77,15,64,Cal Poly,57,37,Loss,-22,2026,2,1,2026-02-01
545,2026-02-01,42,Princeton,39,27,78,Brown,64,18,Win,9,2026,2,1,2026-02-01
545,2026-02-01,78,Brown,64,18,42,Princeton,39,27,Loss,-9,2026,2,1,2026-02-01
546,2026-02-01,72,Franklin & Marshall,67,23,43,Hofstra,70,15,Win,8,2026,2,1,2026-02-01
546,2026-02-01,43,Hofstra,70,15,72,Franklin & Marshall,67,23,Loss,-8,2026,2,1,2026-02-01
532,2026-02-02,38,Appalachian State,49,30,77,Bellarmine,46,6,Win,24,2026,2,2,2026-02-02
532,2026-02-02,77,Bellarmine,46,6,38,Appalachian State,49,30,Loss,-24,2026,2,2,2026-02-02
530,2026-02-05,63,Edinboro,52,28,58,Clarion,55,11,Win,17,2026,2,5,2026-02-05
530,2026-02-05,58,Clarion,55,11,63,Edinboro,52,28,Loss,-17,2026,2,5,2026-02-05
531,2026-02-05,44,Lock Haven,36,32,8,Bloomsburg,75,12,Win,20,2026,2,5,2026-02-05
531,2026-02-05,8,Bloomsburg,75,12,44,Lock Haven,36,32,Loss,-20,2026,2,5,2026-02-05
511,2026-02-06,41,Ohio State,2,24,17,Iowa,6,9,Win,15,2026,2,6,2026-02-06
511,2026-02-06,17,Iowa,6,9,41,Ohio State,2,24,Loss,-15,2026,2,6,2026-02-06
512,2026-02-06,52,Oklahoma State,3,41,53,Little Rock,33,6,Win,35,2026,2,6,2026-02-06
512,2026-02-06,53,Little Rock,33,6,52,Oklahoma State,3,41,Loss,-35,2026,2,6,2026-02-06
513,2026-02-06,11,Penn State,1,38,25,Michigan,9,3,Win,35,2026,2,6,2026-02-06
513,2026-02-06,25,Michigan,9,3,11,Penn State,1,38,Loss,-35,2026,2,6,2026-02-06
514,2026-02-06,12,Rutgers,11,23,14,Minnesota,8,15,Win,8,2026,2,6,2026-02-06
514,2026-02-06,14,Minnesota,8,15,12,Rutgers,11,23,Loss,-8,2026,2,6,2026-02-06
515,2026-02-06,73,Missouri,13,26,30,West Virginia,16,13,Win,13,2026,2,6,2026-02-06
515,2026-02-06,30,West Virginia,16,13,73,Missouri,13,26,Loss,-13,2026,2,6,2026-02-06
516,2026-02-06,21,NC State,10,18,27,Pittsburgh,18,13,Win,5,2026,2,6,2026-02-06
516,2026-02-06,27,Pittsburgh,18,13,21,NC State,10,18,Loss,-5,2026,2,6,2026-02-06
517,2026-02-06,29,Arizona State,19,23,40,Oregon State,30,16,Win,7,2026,2,6,2026-02-06
517,2026-02-06,40,Oregon State,30,16,29,Arizona State,19,23,Loss,-7,2026,2,6,2026-02-06
518,2026-02-06,76,Wyoming,21,36,71,Air Force,51,9,Win,27,2026,2,6,2026-02-06
518,2026-02-06,71,Air Force,51,9,76,Wyoming,21,36,Loss,-27,2026,2,6,2026-02-06
519,2026-02-06,55,North Carolina,27,25,24,Duke,69,13,Win,12,2026,2,6,2026-02-06
519,2026-02-06,24,Duke,69,13,55,North Carolina,27,25,Loss,-12,2026,2,6,2026-02-06
520,2026-02-06,28,Virginia Tech,7,32,22,Virginia,34,7,Win,25,2026,2,6,2026-02-06
520,2026-02-06,22,Virginia,34,7,28,Virginia Tech,7,32,Loss,-25,2026,2,6,2026-02-06
521,2026-02-06,33,Rider,38,26,44,Lock Haven,36,12,Win,14,2026,2,6,2026-02-06
521,2026-02-06,44,Lock Haven,36,12,33,Rider,38,26,Loss,-14,2026,2,6,2026-02-06
522,2026-02-06,62,North Dakota State,29,19,70,Utah Valley,40,15,Win,4,2026,2,6,2026-02-06
522,2026-02-06,70,Utah Valley,40,15,62,North Dakota State,29,19,Loss,-4,2026,2,6,2026-02-06
523,2026-02-06,5,Central Michigan,42,21,57,SIU Edwardsville,44,14,Win,7,2026,2,6,2026-02-06
523,2026-02-06,57,SIU Edwardsville,44,14,5,Central Michigan,42,21,Loss,-7,2026,2,6,2026-02-06
524,2026-02-06,77,Bellarmine,46,31,9,Campbell,72,9,Win,22,2026,2,6,2026-02-06
524,2026-02-06,9,Campbell,72,9,77,Bellarmine,46,31,Loss,-22,2026,2,6,2026-02-06
525,2026-02-06,34,Kent State,59,20,6,Ohio,65,19,Win,1,2026,2,6,2026-02-06
525,2026-02-06,6,Ohio,65,19,34,Kent State,59,20,Loss,-1,2026,2,6,2026-02-06
526,2026-02-06,4,Northern Illinois,45,29,36,Buffalo,62,11,Win,18,2026,2,6,2026-02-06
526,2026-02-06,36,Buffalo,62,11,4,Northern Illinois,45,29,Loss,-18,2026,2,6,2026-02-06
527,2026-02-06,61,The Citadel,61,19,60,Gardner-Webb,66,13,Win,6,2026,2,6,2026-02-06
527,2026-02-06,60,Gardner-Webb,66,13,61,The Citadel,61,19,Loss,-6,2026,2,6,2026-02-06
528,2026-02-06,69,Chattanooga,47,46,66,VMI,74,0,Win,46,2026,2,6,2026-02-06
528,2026-02-06,66,VMI,74,0,69,Chattanooga,47,46,Loss,-46,2026,2,6,2026-02-06
529,2026-02-06,15,Lehigh,15,34,51,Morgan State,77,9,Win,25,2026,2,6,2026-02-06
529,2026-02-06,51,Morgan State,77,9,15,Lehigh,15,34,Loss,-25,2026,2,6,2026-02-06
503,2026-02-07,74,Indiana,31,30,18,Wisconsin,28,9,Win,21,2026,2,7,2026-02-07
503,2026-02-07,18,Wisconsin,28,9,74,Indiana,31,30,Loss,-21,2026,2,7,2026-02-07
504,2026-02-07,75,Army West Point,32,35,43,Hofstra,70,9,Win,26,2026,2,7,2026-02-07
504,2026-02-07,43,Hofstra,70,9,75,Army West Point,32,35,Loss,-26,2026,2,7,2026-02-07
505,2026-02-07,75,Army West Point,32,39,45,LIU,73,3,Win,36,2026,2,7,2026-02-07
505,2026-02-07,45,LIU,73,3,75,Army West Point,32,39,Loss,-36,2026,2,7,2026-02-07
506,2026-02-07,33,Rider,38,42,8,Bloomsburg,75,0,Win,42,2026,2,7,2026-02-07
506,2026-02-07,8,Bloomsburg,75,0,33,Rider,38,42,Loss,-42,2026,2,7,2026-02-07
507,2026-02-07,16,Cornell,14,31,42,Princeton,39,5,Win,26,2026,2,7,2026-02-07
507,2026-02-07,42,Princeton,39,5,16,Cornell,14,31,Loss,-26,2026,2,7,2026-02-07
508,2026-02-07,46,Bucknell,35,21,3,Drexel,43,17,Win,4,2026,2,7,2026-02-07
508,2026-02-07,3,Drexel,43,17,46,Bucknell,35,21,Loss,-4,2026,2,7,2026-02-07
509,2026-02-07,65,Davidson,68,24,66,VMI,74,18,Win,6,2026,2,7,2026-02-07
509,2026-02-07,66,VMI,74,18,65,Davidson,68,24,Loss,-6,2026,2,7,2026-02-07
510,2026-02-07,35,Binghamton,60,28,67,Sacred Heart,76,3,Win,25,2026,2,7,2026-02-07
510,2026-02-07,67,Sacred Heart,76,3,35,Binghamton,60,28,Loss,-25,2026,2,7,2026-02-07
488,2026-02-08,1,Northern Iowa,24,19,2,South Dakota State,20,13,Win,6,2026,2,8,2026-02-08
488,2026-02-08,2,South Dakota State,20,13,1,Northern Iowa,24,19,Loss,-6,2026,2,8,2026-02-08
489,2026-02-08,69,Chattanooga,47,52,37,Presbyterian,78,0,Win,52,2026,2,8,2026-02-08
489,2026-02-08,37,Presbyterian,78,0,69,Chattanooga,47,52,Loss,-52,2026,2,8,2026-02-08
490,2026-02-08,19,Nebraska,5,47,31,Northwestern,41,0,Win,47,2026,2,8,2026-02-08
490,2026-02-08,31,Northwestern,41,0,19,Nebraska,5,47,Loss,-47,2026,2,8,2026-02-08
491,2026-02-08,76,Wyoming,21,30,62,North Dakota State,29,9,Win,21,2026,2,8,2026-02-08
491,2026-02-08,62,North Dakota State,29,9,76,Wyoming,21,30,Loss,-21,2026,2,8,2026-02-08
492,2026-02-08,68,Navy,22,19,46,Bucknell,35,18,Win,1,2026,2,8,2026-02-08
492,2026-02-08,46,Bucknell,35,18,68,Navy,22,19,Loss,-1,2026,2,8,2026-02-08
493,2026-02-08,56,Oklahoma,25,31,29,Arizona State,19,9,Win,22,2026,2,8,2026-02-08
493,2026-02-08,29,Arizona State,19,9,56,Oklahoma,25,31,Loss,-22,2026,2,8,2026-02-08
494,2026-02-08,16,Cornell,14,19,50,Pennsylvania,26,13,Win,6,2026,2,8,2026-02-08
494,2026-02-08,50,Pennsylvania,26,13,16,Cornell,14,19,Loss,-6,2026,2,8,2026-02-08
495,2026-02-08,53,Little Rock,33,33,10,CSU Bakersfield,71,17,Win,16,2026,2,8,2026-02-08
495,2026-02-08,10,CSU Bakersfield,71,17,53,Little Rock,33,33,Loss,-16,2026,2,8,2026-02-08
496,2026-02-08,13,Illinois,12,28,20,Purdue,37,6,Win,22,2026,2,8,2026-02-08
496,2026-02-08,20,Purdue,37,6,13,Illinois,12,28,Loss,-22,2026,2,8,2026-02-08
497,2026-02-08,60,Gardner-Webb,66,19,77,Bellarmine,46,18,Win,1,2026,2,8,2026-02-08
497,2026-02-08,77,Bellarmine,46,18,60,Gardner-Webb,66,19,Loss,-1,2026,2,8,2026-02-08
498,2026-02-08,69,Chattanooga,47,47,9,Campbell,72,0,Win,47,2026,2,8,2026-02-08
498,2026-02-08,9,Campbell,72,0,69,Chattanooga,47,47,Loss,-47,2026,2,8,2026-02-08
499,2026-02-08,38,Appalachian State,49,23,61,The Citadel,61,13,Win,10,2026,2,8,2026-02-08
499,2026-02-08,61,The Citadel,61,13,38,Appalachian State,49,23,Loss,-10,2026,2,8,2026-02-08
500,2026-02-08,17,Iowa,6,40,26,Michigan State,54,6,Win,34,2026,2,8,2026-02-08
500,2026-02-08,26,Michigan State,54,6,17,Iowa,6,40,Loss,-34,2026,2,8,2026-02-08
501,2026-02-08,59,American,56,38,51,Morgan State,77,10,Win,28,2026,2,8,2026-02-08
501,2026-02-08,51,Morgan State,77,10,59,American,56,38,Loss,-28,2026,2,8,2026-02-08
502,2026-02-08,14,Minnesota,8,37,32,Maryland,58,6,Win,31,2026,2,8,2026-02-08
502,2026-02-08,32,Maryland,58,6,14,Minnesota,8,37,Loss,-31,2026,2,8,2026-02-08
487,2026-02-09,43,Hofstra,70,31,45,LIU,73,11,Win,20,2026,2,9,2026-02-09
487,2026-02-09,45,LIU,73,11,43,Hofstra,70,31,Loss,-20,2026,2,9,2026-02-09
486,2026-02-11,72,Franklin & Marshall,67,51,51,Morgan State,77,0,Win,51,2026,2,11,2026-02-11
486,2026-02-11,51,Morgan State,77,0,72,Franklin & Marshall,67,51,Loss,-51,2026,2,11,2026-02-11
483,2026-02-12,73,Missouri,13,23,56,Oklahoma,25,14,Win,9,2026,2,12,2026-02-12
483,2026-02-12,56,Oklahoma,25,14,73,Missouri,13,23,Loss,-9,2026,2,12,2026-02-12
484,2026-02-12,44,Lock Haven,36,18,63,Edinboro,52,12,Win,6,2026,2,12,2026-02-12
484,2026-02-12,63,Edinboro,52,12,44,Lock Haven,36,18,Loss,-6,2026,2,12,2026-02-12
485,2026-02-12,60,Gardner-Webb,66,31,37,Presbyterian,78,10,Win,21,2026,2,12,2026-02-12
485,2026-02-12,37,Presbyterian,78,10,60,Gardner-Webb,66,31,Loss,-21,2026,2,12,2026-02-12
465,2026-02-13,40,Oregon State,30,20,62,North Dakota State,29,11,Win,9,2026,2,13,2026-02-13
465,2026-02-13,62,North Dakota State,29,11,40,Oregon State,30,20,Loss,-9,2026,2,13,2026-02-13
466,2026-02-13,4,Northern Illinois,45,28,31,Northwestern,41,9,Win,19,2026,2,13,2026-02-13
466,2026-02-13,31,Northwestern,41,9,4,Northern Illinois,45,28,Loss,-19,2026,2,13,2026-02-13
467,2026-02-13,11,Penn State,1,36,41,Ohio State,2,5,Win,31,2026,2,13,2026-02-13
467,2026-02-13,41,Ohio State,2,5,11,Penn State,1,36,Loss,-31,2026,2,13,2026-02-13
468,2026-02-13,39,Iowa State,4,32,30,West Virginia,16,7,Win,25,2026,2,13,2026-02-13
468,2026-02-13,30,West Virginia,16,7,39,Iowa State,4,32,Loss,-25,2026,2,13,2026-02-13
469,2026-02-13,19,Nebraska,5,28,13,Illinois,12,11,Win,17,2026,2,13,2026-02-13
469,2026-02-13,13,Illinois,12,11,19,Nebraska,5,28,Loss,-17,2026,2,13,2026-02-13
470,2026-02-13,17,Iowa,6,19,25,Michigan,9,17,Win,2,2026,2,13,2026-02-13
470,2026-02-13,25,Michigan,9,17,17,Iowa,6,19,Loss,-2,2026,2,13,2026-02-13
471,2026-02-13,28,Virginia Tech,7,29,55,North Carolina,27,9,Win,20,2026,2,13,2026-02-13
471,2026-02-13,55,North Carolina,27,9,28,Virginia Tech,7,29,Loss,-20,2026,2,13,2026-02-13
472,2026-02-13,15,Lehigh,15,24,50,Pennsylvania,26,16,Win,8,2026,2,13,2026-02-13
472,2026-02-13,50,Pennsylvania,26,16,15,Lehigh,15,24,Loss,-8,2026,2,13,2026-02-13
473,2026-02-13,29,Arizona State,19,31,48,California Baptist,53,9,Win,22,2026,2,13,2026-02-13
473,2026-02-13,48,California Baptist,53,9,29,Arizona State,19,31,Loss,-22,2026,2,13,2026-02-13
474,2026-02-13,54,George Mason,48,26,58,Clarion,55,18,Win,8,2026,2,13,2026-02-13
474,2026-02-13,58,Clarion,55,18,54,George Mason,48,26,Loss,-8,2026,2,13,2026-02-13
475,2026-02-13,70,Utah Valley,40,32,71,Air Force,51,6,Win,26,2026,2,13,2026-02-13
475,2026-02-13,71,Air Force,51,6,70,Utah Valley,40,32,Loss,-26,2026,2,13,2026-02-13
476,2026-02-13,12,Rutgers,11,29,26,Michigan State,54,9,Win,20,2026,2,13,2026-02-13
476,2026-02-13,26,Michigan State,54,9,12,Rutgers,11,29,Loss,-20,2026,2,13,2026-02-13
477,2026-02-13,5,Central Michigan,42,21,34,Kent State,59,16,Win,5,2026,2,13,2026-02-13
477,2026-02-13,34,Kent State,59,16,5,Central Michigan,42,21,Loss,-5,2026,2,13,2026-02-13
478,2026-02-13,57,SIU Edwardsville,44,24,36,Buffalo,62,9,Win,15,2026,2,13,2026-02-13
478,2026-02-13,36,Buffalo,62,9,57,SIU Edwardsville,44,24,Loss,-15,2026,2,13,2026-02-13
479,2026-02-13,76,Wyoming,21,25,49,Northern Colorado,63,10,Win,15,2026,2,13,2026-02-13
479,2026-02-13,49,Northern Colorado,63,10,76,Wyoming,21,25,Loss,-15,2026,2,13,2026-02-13
480,2026-02-13,38,Appalachian State,49,38,65,Davidson,68,3,Win,35,2026,2,13,2026-02-13
480,2026-02-13,65,Davidson,68,3,38,Appalachian State,49,38,Loss,-35,2026,2,13,2026-02-13
481,2026-02-13,21,NC State,10,32,24,Duke,69,7,Win,25,2026,2,13,2026-02-13
481,2026-02-13,24,Duke,69,7,21,NC State,10,32,Loss,-25,2026,2,13,2026-02-13
482,2026-02-13,66,VMI,74,32,9,Campbell,72,16,Win,16,2026,2,13,2026-02-13
482,2026-02-13,9,Campbell,72,16,66,VMI,74,32,Loss,-16,2026,2,13,2026-02-13
458,2026-02-14,16,Cornell,14,26,35,Binghamton,60,9,Win,17,2026,2,14,2026-02-14
458,2026-02-14,35,Binghamton,60,9,16,Cornell,14,26,Loss,-17,2026,2,14,2026-02-14
459,2026-02-14,15,Lehigh,15,21,46,Bucknell,35,16,Win,5,2026,2,14,2026-02-14
459,2026-02-14,46,Bucknell,35,16,15,Lehigh,15,21,Loss,-5,2026,2,14,2026-02-14
460,2026-02-14,47,Columbia,23,38,7,Harvard,50,9,Win,29,2026,2,14,2026-02-14
460,2026-02-14,7,Harvard,50,9,47,Columbia,23,38,Loss,-29,2026,2,14,2026-02-14
461,2026-02-14,30,West Virginia,16,23,1,Northern Iowa,24,13,Win,10,2026,2,14,2026-02-14
461,2026-02-14,1,Northern Iowa,24,13,30,West Virginia,16,23,Loss,-10,2026,2,14,2026-02-14
462,2026-02-14,42,Princeton,39,23,50,Pennsylvania,26,14,Win,9,2026,2,14,2026-02-14
462,2026-02-14,50,Pennsylvania,26,14,42,Princeton,39,23,Loss,-9,2026,2,14,2026-02-14
463,2026-02-14,33,Rider,38,30,3,Drexel,43,10,Win,20,2026,2,14,2026-02-14
463,2026-02-14,3,Drexel,43,10,33,Rider,38,30,Loss,-20,2026,2,14,2026-02-14
464,2026-02-14,51,Morgan State,77,25,67,Sacred Heart,76,14,Win,11,2026,2,14,2026-02-14
464,2026-02-14,67,Sacred Heart,76,14,51,Morgan State,77,25,Loss,-11,2026,2,14,2026-02-14
434,2026-02-15,39,Iowa State,4,28,1,Northern Iowa,24,6,Win,22,2026,2,15,2026-02-15
434,2026-02-15,1,Northern Iowa,24,6,39,Iowa State,4,28,Loss,-22,2026,2,15,2026-02-15
435,2026-02-15,52,Oklahoma State,3,19,28,Virginia Tech,7,12,Win,7,2026,2,15,2026-02-15
435,2026-02-15,28,Virginia Tech,7,12,52,Oklahoma State,3,19,Loss,-7,2026,2,15,2026-02-15
436,2026-02-15,14,Minnesota,8,37,26,Michigan State,54,6,Win,31,2026,2,15,2026-02-15
436,2026-02-15,26,Michigan State,54,6,14,Minnesota,8,37,Loss,-31,2026,2,15,2026-02-15
437,2026-02-15,23,Stanford,17,21,27,Pittsburgh,18,12,Win,9,2026,2,15,2026-02-15
437,2026-02-15,27,Pittsburgh,18,12,23,Stanford,17,21,Loss,-9,2026,2,15,2026-02-15
438,2026-02-15,76,Wyoming,21,24,56,Oklahoma,25,10,Win,14,2026,2,15,2026-02-15
438,2026-02-15,56,Oklahoma,25,10,76,Wyoming,21,24,Loss,-14,2026,2,15,2026-02-15
439,2026-02-15,47,Columbia,23,28,78,Brown,64,10,Win,18,2026,2,15,2026-02-15
439,2026-02-15,78,Brown,64,10,47,Columbia,23,28,Loss,-18,2026,2,15,2026-02-15
440,2026-02-15,18,Wisconsin,28,19,25,Michigan,9,17,Win,2,2026,2,15,2026-02-15
440,2026-02-15,25,Michigan,9,17,18,Wisconsin,28,19,Loss,-2,2026,2,15,2026-02-15
441,2026-02-15,19,Nebraska,5,34,74,Indiana,31,5,Win,29,2026,2,15,2026-02-15
441,2026-02-15,74,Indiana,31,5,19,Nebraska,5,34,Loss,-29,2026,2,15,2026-02-15
442,2026-02-15,53,Little Rock,33,30,64,Cal Poly,57,8,Win,22,2026,2,15,2026-02-15
442,2026-02-15,64,Cal Poly,57,8,53,Little Rock,33,30,Loss,-22,2026,2,15,2026-02-15
443,2026-02-15,46,Bucknell,35,22,59,American,56,21,Win,1,2026,2,15,2026-02-15
443,2026-02-15,59,American,56,21,46,Bucknell,35,22,Loss,-1,2026,2,15,2026-02-15
444,2026-02-15,17,Iowa,6,32,20,Purdue,37,6,Win,26,2026,2,15,2026-02-15
444,2026-02-15,20,Purdue,37,6,17,Iowa,6,32,Loss,-26,2026,2,15,2026-02-15
445,2026-02-15,13,Illinois,12,44,31,Northwestern,41,3,Win,41,2026,2,15,2026-02-15
445,2026-02-15,31,Northwestern,41,3,13,Illinois,12,44,Loss,-41,2026,2,15,2026-02-15
446,2026-02-15,54,George Mason,48,19,5,Central Michigan,42,18,Win,1,2026,2,15,2026-02-15
446,2026-02-15,5,Central Michigan,42,18,54,George Mason,48,19,Loss,-1,2026,2,15,2026-02-15
447,2026-02-15,3,Drexel,43,39,45,LIU,73,6,Win,33,2026,2,15,2026-02-15
447,2026-02-15,45,LIU,73,6,3,Drexel,43,39,Loss,-33,2026,2,15,2026-02-15
448,2026-02-15,69,Chattanooga,47,20,38,Appalachian State,49,13,Win,7,2026,2,15,2026-02-15
448,2026-02-15,38,Appalachian State,49,13,69,Chattanooga,47,20,Loss,-7,2026,2,15,2026-02-15
449,2026-02-15,71,Air Force,51,19,48,California Baptist,53,16,Win,3,2026,2,15,2026-02-15
449,2026-02-15,48,California Baptist,53,16,71,Air Force,51,19,Loss,-3,2026,2,15,2026-02-15
450,2026-02-15,58,Clarion,55,25,6,Ohio,65,16,Win,9,2026,2,15,2026-02-15
450,2026-02-15,6,Ohio,65,16,58,Clarion,55,25,Loss,-9,2026,2,15,2026-02-15
451,2026-02-15,41,Ohio State,2,29,32,Maryland,58,16,Win,13,2026,2,15,2026-02-15
451,2026-02-15,32,Maryland,58,16,41,Ohio State,2,29,Loss,-13,2026,2,15,2026-02-15
452,2026-02-15,61,The Citadel,61,22,77,Bellarmine,46,13,Win,9,2026,2,15,2026-02-15
452,2026-02-15,77,Bellarmine,46,13,61,The Citadel,61,22,Loss,-9,2026,2,15,2026-02-15
453,2026-02-15,61,The Citadel,61,20,65,Davidson,68,15,Win,5,2026,2,15,2026-02-15
453,2026-02-15,65,Davidson,68,15,61,The Citadel,61,20,Loss,-5,2026,2,15,2026-02-15
454,2026-02-15,70,Utah Valley,40,21,49,Northern Colorado,63,17,Win,4,2026,2,15,2026-02-15
454,2026-02-15,49,Northern Colorado,63,17,70,Utah Valley,40,21,Loss,-4,2026,2,15,2026-02-15
455,2026-02-15,60,Gardner-Webb,66,30,66,VMI,74,13,Win,17,2026,2,15,2026-02-15
455,2026-02-15,66,VMI,74,13,60,Gardner-Webb,66,30,Loss,-17,2026,2,15,2026-02-15
456,2026-02-15,7,Harvard,50,25,43,Hofstra,70,9,Win,16,2026,2,15,2026-02-15
456,2026-02-15,43,Hofstra,70,9,7,Harvard,50,25,Loss,-16,2026,2,15,2026-02-15
457,2026-02-15,78,Brown,64,22,43,Hofstra,70,17,Win,5,2026,2,15,2026-02-15
457,2026-02-15,43,Hofstra,70,17,78,Brown,64,22,Loss,-5,2026,2,15,2026-02-15
433,2026-02-16,12,Rutgers,11,28,42,Princeton,39,9,Win,19,2026,2,16,2026-02-16
433,2026-02-16,42,Princeton,39,9,12,Rutgers,11,28,Loss,-19,2026,2,16,2026-02-16
584,2026-02-18,12,Rutgers,8,45,43,Hofstra,68,3,Win,42,2026,2,18,2026-02-18
584,2026-02-18,43,Hofstra,68,3,12,Rutgers,8,45,Loss,-42,2026,2,18,2026-02-18
580,2026-02-19,50,Pennsylvania,26,22,33,Rider,35,18,Win,4,2026,2,19,2026-02-19
580,2026-02-19,33,Rider,35,18,50,Pennsylvania,26,22,Loss,-4,2026,2,19,2026-02-19
581,2026-02-19,63,Edinboro,47,28,8,Bloomsburg,75,10,Win,18,2026,2,19,2026-02-19
581,2026-02-19,8,Bloomsburg,75,10,63,Edinboro,47,28,Loss,-18,2026,2,19,2026-02-19
582,2026-02-19,44,Lock Haven,39,37,34,Kent State,57,3,Win,34,2026,2,19,2026-02-19
582,2026-02-19,34,Kent State,57,3,44,Lock Haven,39,37,Loss,-34,2026,2,19,2026-02-19
583,2026-02-19,54,George Mason,42,32,60,Gardner-Webb,65,14,Win,18,2026,2,19,2026-02-19
583,2026-02-19,60,Gardner-Webb,65,14,54,George Mason,42,32,Loss,-18,2026,2,19,2026-02-19
569,2026-02-20,11,Penn State,1,50,42,Princeton,32,0,Win,50,2026,2,20,2026-02-20
569,2026-02-20,42,Princeton,32,0,11,Penn State,1,50,Loss,-50,2026,2,20,2026-02-20
570,2026-02-20,28,Virginia Tech,9,26,24,Duke,72,17,Win,9,2026,2,20,2026-02-20
570,2026-02-20,24,Duke,72,17,28,Virginia Tech,9,26,Loss,-9,2026,2,20,2026-02-20
571,2026-02-20,21,NC State,12,19,16,Cornell,13,18,Win,1,2026,2,20,2026-02-20
571,2026-02-20,16,Cornell,13,18,21,NC State,12,19,Loss,-1,2026,2,20,2026-02-20
572,2026-02-20,27,Pittsburgh,18,37,22,Virginia,34,0,Win,37,2026,2,20,2026-02-20
572,2026-02-20,22,Virginia,34,0,27,Pittsburgh,18,37,Loss,-37,2026,2,20,2026-02-20
573,2026-02-20,75,Army West Point,38,19,68,Navy,24,18,Win,1,2026,2,20,2026-02-20
573,2026-02-20,68,Navy,24,18,75,Army West Point,38,19,Loss,-1,2026,2,20,2026-02-20
574,2026-02-20,23,Stanford,15,28,55,North Carolina,29,6,Win,22,2026,2,20,2026-02-20
574,2026-02-20,55,North Carolina,29,6,23,Stanford,15,28,Loss,-22,2026,2,20,2026-02-20
575,2026-02-20,74,Indiana,33,20,20,Purdue,37,16,Win,4,2026,2,20,2026-02-20
575,2026-02-20,20,Purdue,37,16,74,Indiana,33,20,Loss,-4,2026,2,20,2026-02-20
576,2026-02-20,57,SIU Edwardsville,46,16,4,Northern Illinois,45,15,Win,1,2026,2,20,2026-02-20
576,2026-02-20,4,Northern Illinois,45,15,57,SIU Edwardsville,46,16,Loss,-1,2026,2,20,2026-02-20
577,2026-02-20,32,Maryland,59,20,3,Drexel,44,19,Win,1,2026,2,20,2026-02-20
577,2026-02-20,3,Drexel,44,19,32,Maryland,59,20,Loss,-1,2026,2,20,2026-02-20
578,2026-02-20,5,Central Michigan,43,19,26,Michigan State,60,15,Win,4,2026,2,20,2026-02-20
578,2026-02-20,26,Michigan State,60,15,5,Central Michigan,43,19,Loss,-4,2026,2,20,2026-02-20
579,2026-02-20,65,Davidson,70,26,9,Campbell,69,17,Win,9,2026,2,20,2026-02-20
579,2026-02-20,9,Campbell,69,17,65,Davidson,70,26,Loss,-9,2026,2,20,2026-02-20
562,2026-02-21,29,Arizona State,20,24,15,Lehigh,16,11,Win,13,2026,2,21,2026-02-21
562,2026-02-21,15,Lehigh,16,11,29,Arizona State,20,24,Loss,-13,2026,2,21,2026-02-21
563,2026-02-21,30,West Virginia,17,21,44,Lock Haven,39,15,Win,6,2026,2,21,2026-02-21
563,2026-02-21,44,Lock Haven,39,15,30,West Virginia,17,21,Loss,-6,2026,2,21,2026-02-21
564,2026-02-21,19,Nebraska,6,32,70,Utah Valley,40,6,Win,26,2026,2,21,2026-02-21
564,2026-02-21,70,Utah Valley,40,6,19,Nebraska,6,32,Loss,-26,2026,2,21,2026-02-21
565,2026-02-21,59,American,56,21,3,Drexel,44,12,Win,9,2026,2,21,2026-02-21
565,2026-02-21,3,Drexel,44,12,59,American,56,21,Loss,-9,2026,2,21,2026-02-21
566,2026-02-21,48,California Baptist,58,30,10,CSU Bakersfield,76,12,Win,18,2026,2,21,2026-02-21
566,2026-02-21,10,CSU Bakersfield,76,12,48,California Baptist,58,30,Loss,-18,2026,2,21,2026-02-21
567,2026-02-21,78,Brown,62,22,67,Sacred Heart,77,18,Win,4,2026,2,21,2026-02-21
567,2026-02-21,67,Sacred Heart,77,18,78,Brown,62,22,Loss,-4,2026,2,21,2026-02-21
568,2026-02-21,36,Buffalo,67,22,6,Ohio,66,16,Win,6,2026,2,21,2026-02-21
568,2026-02-21,6,Ohio,66,16,36,Buffalo,67,22,Loss,-6,2026,2,21,2026-02-21
548,2026-02-22,62,North Dakota State,31,20,2,South Dakota State,19,13,Win,7,2026,2,22,2026-02-22
548,2026-02-22,2,South Dakota State,19,13,62,North Dakota State,31,20,Loss,-7,2026,2,22,2026-02-22
549,2026-02-22,25,Michigan,7,34,5,Central Michigan,43,6,Win,28,2026,2,22,2026-02-22
549,2026-02-22,5,Central Michigan,43,6,25,Michigan,7,34,Loss,-28,2026,2,22,2026-02-22
550,2026-02-22,52,Oklahoma State,2,32,17,Iowa,5,11,Win,21,2026,2,22,2026-02-22
550,2026-02-22,17,Iowa,5,11,52,Oklahoma State,2,32,Loss,-21,2026,2,22,2026-02-22
551,2026-02-22,39,Iowa State,4,20,73,Missouri,14,14,Win,6,2026,2,22,2026-02-22
551,2026-02-22,73,Missouri,14,14,39,Iowa State,4,20,Loss,-6,2026,2,22,2026-02-22
552,2026-02-22,47,Columbia,23,30,46,Bucknell,36,6,Win,24,2026,2,22,2026-02-22
552,2026-02-22,46,Bucknell,36,6,47,Columbia,23,30,Loss,-24,2026,2,22,2026-02-22
553,2026-02-22,1,Northern Iowa,25,16,18,Wisconsin,22,15,Win,1,2026,2,22,2026-02-22
553,2026-02-22,18,Wisconsin,22,15,1,Northern Iowa,25,16,Loss,-1,2026,2,22,2026-02-22
554,2026-02-22,38,Appalachian State,49,25,60,Gardner-Webb,65,14,Win,11,2026,2,22,2026-02-22
554,2026-02-22,60,Gardner-Webb,65,14,38,Appalachian State,49,25,Loss,-11,2026,2,22,2026-02-22
555,2026-02-22,69,Chattanooga,48,26,77,Bellarmine,50,9,Win,17,2026,2,22,2026-02-22
555,2026-02-22,77,Bellarmine,50,9,69,Chattanooga,48,26,Loss,-17,2026,2,22,2026-02-22
556,2026-02-22,49,Northern Colorado,63,19,71,Air Force,52,17,Win,2,2026,2,22,2026-02-22
556,2026-02-22,71,Air Force,52,17,49,Northern Colorado,63,19,Loss,-2,2026,2,22,2026-02-22
557,2026-02-22,59,American,56,26,58,Clarion,61,10,Win,16,2026,2,22,2026-02-22
557,2026-02-22,58,Clarion,61,10,59,American,56,26,Loss,-16,2026,2,22,2026-02-22
558,2026-02-22,7,Harvard,51,26,78,Brown,62,16,Win,10,2026,2,22,2026-02-22
558,2026-02-22,78,Brown,62,16,7,Harvard,51,26,Loss,-10,2026,2,22,2026-02-22
559,2026-02-22,61,The Citadel,53,34,66,VMI,71,11,Win,23,2026,2,22,2026-02-22
559,2026-02-22,66,VMI,71,11,61,The Citadel,53,34,Loss,-23,2026,2,22,2026-02-22
560,2026-02-22,16,Cornell,13,42,24,Duke,72,4,Win,38,2026,2,22,2026-02-22
560,2026-02-22,24,Duke,72,4,16,Cornell,13,42,Loss,-38,2026,2,22,2026-02-22
561,2026-02-22,46,Bucknell,36,34,8,Bloomsburg,75,9,Win,25,2026,2,22,2026-02-22
561,2026-02-22,8,Bloomsburg,75,9,46,Bucknell,36,34,Loss,-25,2026,2,22,2026-02-22
547,2026-02-23,66,VMI,71,32,37,Presbyterian,78,13,Win,19,2026,2,23,2026-02-23
547,2026-02-23,37,Presbyterian,78,13,66,VMI,71,32,Loss,-19,2026,2,23,2026-02-23
